keyword,sentiment_mean,sentiment_std,subjectivity_mean,subjectivity_std,counting
'Hitzetote',-0.07068800354891297,0.32895891484174217,0.28735131976572914,0.9710492280015574,4.0
'Hitzewelle',0.008333333333333331,0.36533850361304954,0.0,0.0,2.0
'Hochdruck',-0.024856030682438045,0.36548607982965775,0.020394658240233742,0.24139377389162683,11.0
'Hochdruckgebiet',1.004334175851235,1.0243632151791549,-0.3160399265194103,0.44694795033514645,2.0
'Temperaturen Gesundheitsrisiken',0.175,1.0,0.25,1.0,1.0
