topic,sentiment_mean,sentiment_std,subjectivity_mean,subjectivity_std,counting
Causes,-0.05238335052811825,0.41719437093270134,-0.03212184303669412,0.2736795413367831,9.0
Impacts,0.34379003095061295,0.6150369761582118,0.2061526507993828,0.7623840821148739,5.0
