topic,sentiment_mean,sentiment_std,subjectivity_mean,subjectivity_std,counting
Adaptation,0.09668566939691339,0.9769211934803468,0.04186769304772204,0.9451801114570252,57.0
Causes,-0.002144961733816571,0.9169187444758586,0.04057277986922662,1.0023843168218267,262.0
Hazard,0.017681211240841297,0.8754097569471961,-0.021573731177253586,0.8867524539761562,163.0
Impacts,-0.06345617860007348,1.0531690654425776,0.026595523535423205,1.0562142580383849,170.0
Mitigation,0.06051497970618302,1.058969392435374,-0.09037881362009069,0.9105294382077481,158.0
