topic,sentiment_mean,sentiment_std,subjectivity_mean,subjectivity_std,counting
Adaptation,0.06670288796760088,0.9683263537003463,0.11680873896788962,1.0265966634864767,72.0
Causes,-0.014131727485938023,0.9242232331483768,0.03484280780604278,1.0126416710715964,329.0
Hazard,0.024613031876986633,0.9019238102772581,-0.053271567473159295,0.8855339999401594,215.0
Impacts,-0.011601175321669517,1.0502935665026158,0.06241053684507258,1.0473186397467587,241.0
Mitigation,0.039052262265225485,1.0547035712464894,-0.10824180388029574,0.8795053062684126,204.0
