topic,sentiment_mean,sentiment_std,subjectivity_mean,subjectivity_std,counting
Adaptation,-0.1380057998225529,0.9725555949006999,-0.3227803687109454,0.5492027414041476,26.0
Causes,0.02280559310486477,0.82858525340296,0.07112548950349777,1.015553277295079,69.0
Hazard,0.027119935793083375,0.7955263775333272,0.15506421009316304,0.9796555371468125,50.0
Impacts,0.01989643058081451,1.0366041157449306,-0.061267649852516474,0.8597751115399537,57.0
Mitigation,0.013199370468008554,1.0417314847683221,0.015590540230077192,1.0026069011297738,87.0
