topic,sentiment_mean,sentiment_std,subjectivity_mean,subjectivity_std,counting
Adaptation,0.19876229954403163,0.8430573570452641,-0.005439780675761878,0.6564487134962882,7.0
Causes,-0.0037994417085514642,0.9609904202334185,-0.20105633264382977,0.8357043189189172,17.0
Hazard,-0.11093074466177183,0.8541892413892053,0.20566820633875418,0.9373721559024266,33.0
Impacts,0.11000416545775767,0.7736150087701045,-0.07375523073776574,0.837239168904451,38.0
Mitigation,0.08728696733014674,1.0191847856668363,0.03815071545780854,1.0094396228900087,40.0
