topic,sentiment_mean,sentiment_std,subjectivity_mean,subjectivity_std,counting
Adaptation,-0.03489564810551536,0.9144889088024842,-0.2627187448319709,0.5714346898122187,31.0
Causes,0.023119742515812787,0.8041327327593152,0.04875565972690021,0.967802368190396,94.0
Hazard,0.05164939356962541,0.8612056725824837,0.13014363602925774,0.9515811833435839,57.0
Impacts,-0.07659773399207993,1.0560372083519929,0.00985962199881095,0.9828985104908452,86.0
Mitigation,0.06035070824612771,1.0333761829296044,-0.030895401504133384,0.9836935432566744,92.0
