topic,sentiment_mean,sentiment_std,subjectivity_mean,subjectivity_std,counting
Adaptation,-0.13993847118252148,0.9618291322942818,-0.29081533076923854,0.5816552121185371,27.0
Causes,0.019572012811684136,0.8223947215572476,0.0559465987029773,0.9852385721401045,72.0
Hazard,0.02613178425867055,0.8185639794732156,0.12447715539123941,0.9639092144809918,51.0
Impacts,0.022212162230814302,1.008990014683926,-0.011222066934449472,0.9447993143044069,62.0
Mitigation,0.019189107387617112,1.0506649416403429,-0.0005974995975589605,0.9844764821790557,87.0
