topic,sentiment_mean,sentiment_std,subjectivity_mean,subjectivity_std,counting
Adaptation,0.09631604661556889,1.008500390575282,0.039162170718958424,0.9650900904278735,51.0
Causes,-0.029520885920884317,0.9060673368647536,0.06461025969347506,1.021269886791907,233.0
Hazard,0.037195218048470965,0.8905345836568844,-0.03871458408219422,0.8793873345093962,160.0
Impacts,-0.04942695359449243,1.066863421919186,0.018271198234999692,1.0284599229174625,155.0
Mitigation,0.05155523147183063,1.02373651947267,-0.09962713171772104,0.9112947595522893,147.0
