topic,sentiment_mean,sentiment_std,subjectivity_mean,subjectivity_std,counting
Adaptation,-0.12709805082252323,0.9651999651235793,-0.36030035376884273,0.5387199085786348,25.0
Causes,-0.044589317050541546,0.8128311656654069,0.10060188728003443,1.027477702145241,55.0
Hazard,0.01593386981470599,0.7968001502564405,0.18401018931747248,0.9882159445857117,47.0
Impacts,0.03814312552478171,1.0109013682967771,-0.07188769440322572,0.8266126136115107,49.0
Mitigation,0.06248581023354864,1.0484702343210768,0.006135222471893284,0.994345249173844,81.0
