week,sentiment_mean,sentiment_std,subjectivity_mean,subjectivity_std,counting
2025-38,0.14444444444444446,0.1347150628109127,0.05555555555555555,0.09622504486493763,3.0
2025-39,-0.0788216673236541,0.33337555326825735,0.32446279415949464,0.5975808794061218,7.0
2025-40,0.21418791781639457,1.0931900718640901,-0.4740598897791155,0.3160399265194103,4.0
2025-41,0.23750000000000002,0.14197270864500686,0.08333333333333333,0.14433756729740646,3.0
2025-42,0.06444444444444444,0.24315823228080502,0.06666666666666667,0.11547005383792516,3.0
