topic,sentiment_mean,sentiment_std,subjectivity_mean,subjectivity_std,counting
Adaptation,-0.0764437061000096,0.9423312290790928,-0.30197852771400235,0.5631470925055557,29.0
Causes,0.03220570379487402,0.811278357806679,0.040786041757176116,0.9223490941473292,84.0
Hazard,0.05559314072258039,0.804193807572827,0.1176252359460103,0.9509547435011879,55.0
Impacts,-0.07032425415088595,1.0467716569690293,0.04841943689548151,1.0301234989542678,84.0
Mitigation,0.051381664934886426,1.049053546562073,-0.038204322152197566,0.9841329159519246,91.0
