topic,sentiment_mean,sentiment_std,subjectivity_mean,subjectivity_std,counting
Adaptation,0.20191691116112417,0.838435500488845,0.062384297277420675,0.7665176964160616,7.0
Causes,0.05662043071537179,0.9997550494288462,-0.21433615966391614,0.8719574960354097,15.0
Hazard,-0.0898774838371299,0.8508630434730825,0.2386360222090269,0.9839073459704556,32.0
Impacts,0.13378632412169067,0.7593437034453858,-0.07074785288946638,0.899445807075115,38.0
Mitigation,0.015300713670175431,1.033542645780749,-0.005625482371197777,0.8631005786443656,35.0
