topic,sentiment_mean,sentiment_std,subjectivity_mean,subjectivity_std,counting
Adaptation,0.07393811862573617,0.9932728058280132,0.04528678866145747,0.9659926792212065,52.0
Causes,-0.0005315399221768956,0.9239348494448749,0.05872967797261897,1.0105032653820538,244.0
Hazard,0.025483139956861765,0.8857187679005516,-0.039406064128175856,0.8788055618680911,160.0
Impacts,-0.038847174649571686,1.0363492307240711,0.02035494203190404,1.0418585026562914,165.0
Mitigation,0.01704788260139944,1.0411342588663117,-0.09501886833173968,0.9106311204893835,153.0
