topic,sentiment_mean,sentiment_std,subjectivity_mean,subjectivity_std,counting
Adaptation,0.2326141003534807,0.8365454722043967,0.0014871599626360605,0.6684375752520689,7.0
Causes,-0.2510946033157032,0.911568451435509,-0.14404259482633378,0.774232687133944,28.0
Hazard,-0.10467494027398488,0.8574208125568499,0.22801786472213859,0.9844293042288719,33.0
Impacts,0.14922173881802714,0.8038020890376188,-0.0675556047058169,0.8694451392101451,38.0
Mitigation,0.11831804125483004,1.0125244593974472,0.04244673525530533,1.0035707900520068,45.0
