topic,sentiment_mean,sentiment_std,subjectivity_mean,subjectivity_std,counting
Adaptation,0.09700198616057586,0.9515879322360121,-0.08039984524106222,0.7549819127071175,44.0
Causes,-0.017902974418672273,0.8577222358329099,0.030976985838009626,0.9837669136311459,146.0
Hazard,0.13832164579330533,0.8478556254243105,0.1285965946570846,0.9372913287988562,75.0
Impacts,-0.0796041887566859,1.0549522851493778,0.009129631438611006,1.0137842429776653,120.0
Mitigation,0.019998712962875337,1.043144556903574,-0.09539218757021178,0.9418693023153575,112.0
