topic,sentiment_mean,sentiment_std,subjectivity_mean,subjectivity_std,counting
Adaptation,0.04315964199528726,0.9546665274646363,-0.10243272209692432,0.7301264214450072,35.0
Causes,0.0009113880578649138,0.8130971663853171,0.02077289923386036,0.9624391806861872,121.0
Hazard,0.07444672650945847,0.8868943969044999,0.13831165454455044,0.9418701898449068,59.0
Impacts,-0.03818118785901842,1.0425283743932814,0.02492257954094914,1.015580323519352,116.0
Mitigation,0.018219956163981303,1.04858762193542,-0.08555384731799859,0.9495805937104829,105.0
