topic,sentiment_mean,sentiment_std,subjectivity_mean,subjectivity_std,counting
Adaptation,0.160132424588948,1.02045715467426,0.05438551940492526,1.0170513075726362,93.0
Causes,-0.03291587480254114,0.9572327341120405,0.04409259557713747,1.0540719791502384,346.0
Hazard,0.02181132843393041,0.8871986255191576,-0.016325085978458755,0.8919765838234957,324.0
Impacts,-0.004035120583653407,1.0193358670089157,0.05046136269787482,1.0149838650044414,400.0
Mitigation,0.016801335939799194,1.065494679625609,-0.14529372872428878,0.8643120454510206,219.0
