week,sentiment_mean,sentiment_std,subjectivity_mean,subjectivity_std,counting
2025-38,0.2085731882327486,1.0105487842807286,-0.6109516409872654,0.7342779078736583,3.0
2025-39,0.00873700967163641,0.7220321912100139,0.5209997656943957,0.9698224945919214,13.0
2025-40,0.41960594438729826,1.109308836481921,-0.0199637512645647,1.0566021969408195,13.0
2025-41,-0.17532400670751855,1.062987876432478,0.11419451761043854,0.8280756316660931,26.0
2025-42,0.06431373609328088,0.8326729938682542,-0.0009582661723999464,0.8163018125669146,23.0
2025-43,0.08429447746054586,0.7974389616342464,-0.15471826316165418,0.6753206039078602,19.0
2025-44,-0.0756527566251247,0.8777191059477304,-0.1979874338363825,0.7585226420202456,38.0
2025-45,-0.04614557650158671,0.8221697642564022,0.1302814232846899,1.1227238113225553,26.0
