topic,sentiment_mean,sentiment_std,subjectivity_mean,subjectivity_std,counting
Adaptation,0.06626408050645832,0.9924954589127242,0.008607902851462483,0.9268341996905906,49.0
Causes,-0.046223327153164274,0.900079974260499,0.05434580836471352,1.0129741593509802,182.0
Hazard,0.09095618875257855,0.9135793291401492,-0.04433305920914638,0.8713600926139576,150.0
Impacts,-0.10336922809085922,1.0079293196292918,0.08423634713810257,1.058769022671606,136.0
Mitigation,0.0745610938452879,1.0435706601799093,-0.1120916176554711,0.9206918714051222,138.0
