week,sentiment_mean,sentiment_std,subjectivity_mean,subjectivity_std,counting
2025-38,0.2085731882327486,1.0105487842807286,-0.6109516409872654,0.7342779078736583,3.0
2025-39,0.008514935716264485,0.7220686041948793,0.5136746138637303,0.9543223630345246,13.0
2025-40,0.4155332756286954,1.1050799744311688,-0.025807432172199444,1.0592515929904582,13.0
2025-41,-0.16765512028122856,1.0548226043513116,0.10954409314558604,0.8297885853803966,26.0
2025-42,0.07260205013944487,0.8519971119785638,0.023061047374387418,0.8312496388846479,22.0
2025-43,0.08429447746054586,0.7974389616342464,-0.15471826316165418,0.6753206039078602,19.0
2025-44,-0.07207550326467319,0.8645353414926795,-0.20867551356017525,0.7382321180093285,38.0
2025-45,-0.06374927712408623,0.8252491816019402,0.14346813977305792,1.1335990315933528,25.0
