topic,sentiment_mean,sentiment_std,subjectivity_mean,subjectivity_std,counting
Adaptation,0.07574902957933347,1.0107953041338593,0.006210495608831385,0.9341955565559252,50.0
Causes,-0.026575468167456092,0.8928626060097317,0.058540320601390965,1.030110901731638,213.0
Hazard,0.0607751103433205,0.9090167036852372,-0.044367531037637166,0.8761416738392132,154.0
Impacts,-0.06264355163371697,1.0420503549557838,0.03022743338220159,1.0179829615928384,152.0
Mitigation,0.049275754782596555,1.0420787554449662,-0.08076428410840499,0.9281422752129148,139.0
