topic,sentiment_mean,sentiment_std,subjectivity_mean,subjectivity_std,counting
Adaptation,-0.1420987633588909,0.9828979836701888,-0.3561599265752726,0.5386315179915206,24.0
Causes,-0.17129997880649175,0.8724030748972343,0.049704312879838154,0.9845797385887878,50.0
Hazard,0.01573782985537178,0.8029884921577043,0.13646941036869467,0.9663077377940238,43.0
Impacts,0.16178442819518218,0.8390310682486357,-0.04934904200549258,0.8426335322481466,45.0
Mitigation,0.08025996109514642,1.076806123063084,0.05136894768991243,1.029592321506571,74.0
