topic,sentiment_mean,sentiment_std,subjectivity_mean,subjectivity_std,counting
Adaptation,-0.15839056050532455,1.0529990152021653,-0.3769027373405828,0.5492016418501019,20.0
Causes,-0.14698873449884703,0.9310091120124104,0.004640729469790074,0.9615470127150425,50.0
Hazard,-0.004666702430139711,0.7874455140280083,0.1778195160330171,0.9414978654503948,40.0
Impacts,0.1758874187562742,0.8547865754656702,-0.0520418833466537,0.8391806922078876,45.0
Mitigation,0.04337610810270265,1.0078972776371282,0.05832124031690505,1.0294803190287798,67.0
