week,sentiment_mean,sentiment_std,subjectivity_mean,subjectivity_std,counting
2025-38,0.43688672392660705,0.382148869802242,-0.41584896523547615,0.5044733353288006,3.0
2025-39,-0.19088911193598368,0.48639157723393023,0.46090465998356106,0.832193207770707,13.0
2025-40,0.3061777430617652,1.2153272677494558,-0.5394025549351228,0.19061136333228254,7.0
2025-41,-0.06935345837795444,0.4498607463298623,0.07341755271162223,0.47001908363714495,5.0
2025-42,0.13750668490184909,0.7257608639067535,0.11190706454294859,0.6189643633658428,7.0
2025-43,-0.013293574140260861,0.4467781885915815,-0.6866842347145383,0.13670526101290487,3.0
2025-44,-0.09545799784324989,1.0713653049576075,0.7071067811865475,1.0,4.0
