week,sentiment_mean,sentiment_std,subjectivity_mean,subjectivity_std,counting
2025-38,0.43688672392660705,0.382148869802242,-0.41584896523547615,0.5044733353288006,3.0
2025-39,-0.16137388706493602,0.3588608188538618,0.4847309323652246,0.5940989534522262,13.0
2025-40,0.05942208581989128,1.3539768417969777,-0.5927250430469045,0.20130071656112855,5.0
2025-41,0.17589675895604842,0.16916659607758505,-0.10608291789253768,0.3967404111037065,4.0
2025-42,0.17333333333333334,0.2946938147373379,0.05,0.1,4.0
2025-43,0.9078490653357012,1.0,-0.6743316715701507,1.0,1.0
