keyword,sentiment_mean,sentiment_std,subjectivity_mean,subjectivity_std,counting
'Hitzetote',0.3859875386882662,0.7017761597028789,0.19519081349922848,0.8798702020011538,4.0
'Hochdruck',-0.05238335052811825,0.41719437093270134,-0.03212184303669412,0.2736795413367831,9.0
'Temperaturen Gesundheitsrisiken',0.175,1.0,0.25,1.0,1.0
