topic,sentiment_mean,sentiment_std,subjectivity_mean,subjectivity_std,counting
Causes,0.12092568314087568,0.8038123591639922,-0.29500950881421817,0.670353747699234,5.0
Hazard,-0.1935334411332069,0.7653211010316119,0.2672574523955621,0.7310723923680335,12.0
Impacts,0.012015921365560168,0.4502450670793309,0.22789941442403502,1.10869806390785,5.0
Mitigation,0.4937221599738986,0.9229825966801856,-0.10486396257198173,0.8216941756335449,9.0
