topic,sentiment_mean,sentiment_std,subjectivity_mean,subjectivity_std,counting
Adaptation,0.059153956004952796,0.9644728307207516,0.11548642276350753,0.9970077622320918,68.0
Causes,-0.004860253879265691,0.907144753738334,0.008424844309512887,0.9794305185290859,311.0
Hazard,-0.0011703823070541733,0.9044702994364967,-0.023086857781377628,0.8981645237568254,195.0
Impacts,-0.01507920878354676,1.0580447210789177,0.054085452535922,1.0753714138926465,204.0
Mitigation,0.046772077745557916,1.063239134577972,-0.1022430150116314,0.8965614100233253,166.0
