topic,sentiment_mean,sentiment_std,subjectivity_mean,subjectivity_std,counting
Causes,0.14616666666666667,0.22516321240873746,0.04,0.08944271909999159,5.0
Impacts,0.06999999999999992,0.5383423631853618,0.075,0.51234753829798,5.0
