topic,sentiment_mean,sentiment_std,subjectivity_mean,subjectivity_std,counting
Adaptation,0.1318221407675024,0.9814751429201451,0.11085751981098044,0.9961486831860087,60.0
Causes,-0.006737942390773615,0.907174932854982,0.012631873084766017,0.9817691078650378,289.0
Hazard,0.0020571092784193628,0.8835742107777931,-0.011687942844928896,0.9004203777241453,166.0
Impacts,-0.04792808996698992,1.0693250796696463,0.03473983295175387,1.0568091305762612,181.0
Mitigation,0.06012299542564553,1.0551286731380276,-0.09006858540071908,0.914899617718468,164.0
