topic,sentiment_mean,sentiment_std,subjectivity_mean,subjectivity_std,counting
Adaptation,0.19113528434842672,0.7833260153543263,-0.0696239384030912,0.6385437950390315,8.0
Causes,-0.2488012074466119,0.9169086518290367,-0.13993058523322782,0.780699213115778,28.0
Hazard,-0.09527032153812082,0.8513427760960103,0.21233674061727767,0.9792504927040279,34.0
Impacts,0.14507252996915962,0.8164918140065839,-0.05658821206971775,0.884328265722953,38.0
Mitigation,0.11763599880761794,1.0207242712767433,0.04756818727299829,1.0058659280772586,45.0
