week,sentiment_mean,sentiment_std,subjectivity_mean,subjectivity_std,counting
2025-38,0.2793572125884756,0.9089751096470841,-0.5620130125760537,0.6680564316430593,3.0
2025-39,0.0178738178628823,0.7333617679849666,0.5391130579192615,0.9835115532233769,13.0
2025-40,0.4124231403053995,1.1084593707931896,-0.05001347858096527,0.9626160871380451,13.0
2025-41,-0.1440937010856299,1.079727304342103,0.09167568316470223,0.8086329456768127,26.0
2025-42,0.08330038804555685,0.836621615158496,-0.026338044323178357,0.8318042106969539,23.0
2025-43,-0.021245399527913503,0.8415737350908096,-0.13362006387591174,0.7675446836239402,21.0
2025-44,-0.04850023468994078,0.8856896577375533,-0.21610462613336773,0.7482834179325022,39.0
2025-45,-0.009302106474535422,0.8079509397806087,0.24912041518842726,1.1620812811724195,29.0
2025-46,-0.27509836522590997,1.0203797921793716,-0.39733045948339457,0.35761388044988524,4.0
