topic,sentiment_mean,sentiment_std,subjectivity_mean,subjectivity_std,counting
Adaptation,0.07668486249849414,0.9696377804330975,-0.06469584494940595,0.7635671249773808,44.0
Causes,-0.04498997015390285,0.8461277826021537,0.039513557678790764,0.978775137869288,147.0
Hazard,0.18561915967461037,0.8914601740459238,0.0014660338494218166,0.9154511656221571,112.0
Impacts,-0.10452018741935788,1.0467759272858503,0.04499963330153824,1.040830922411044,121.0
Mitigation,-0.008484347967722102,1.051447006628525,-0.07469150146362388,0.9600953133337239,112.0
