topic,sentiment_mean,sentiment_std,subjectivity_mean,subjectivity_std,counting
Adaptation,-0.20422423134741127,0.9316238394116118,-0.3419243259615679,0.5420560406210021,25.0
Causes,0.012352562543198168,0.8439839744360395,0.06566840295557269,1.0016558672461457,63.0
Hazard,0.021951391049329416,0.7982704357660076,0.1520987743197897,0.9951719647048358,49.0
Impacts,0.04192847644923924,1.0202229214620466,-0.040114485660547934,0.8630359216975785,56.0
Mitigation,0.03019475002888477,1.0357850128419863,0.016435739255789693,0.9997698002866514,81.0
