topic,sentiment_mean,sentiment_std,subjectivity_mean,subjectivity_std,counting
Causes,1.1770810481068692,0.6479921109462469,-0.6852567081089497,0.018922718359746148,3.0
Hazard,-0.26812904092408174,0.6869322531021569,0.20327891464167355,0.6659371089402936,11.0
Impacts,0.08247814984612885,0.24089262069113654,0.30117661513364596,0.9135250023142117,5.0
