topic,sentiment_mean,sentiment_std,subjectivity_mean,subjectivity_std,counting
Adaptation,-0.14805955984038563,0.970696217140923,-0.37347469585131937,0.558852398869477,25.0
Causes,-0.14041292362992258,0.87231600420534,0.07120749232456941,0.9804285905434761,52.0
Hazard,0.006467997262704619,0.7922351059781191,0.17541231277592267,0.9584912807736362,45.0
Impacts,0.15471505298106308,0.8483923086114971,-0.07735357310341123,0.8312568148205635,45.0
Mitigation,0.08170165889932368,1.0849442444489927,0.0410160886696557,1.0302588095572585,75.0
