keyword,sentiment_mean,sentiment_std,subjectivity_mean,subjectivity_std,counting
'Heiße Tage',0.5,1.0,0.0,1.0,1.0
'Hitzetote',0.11571507333711868,0.27117218053638353,0.2638469485855487,1.0072308994045123,4.0
'Hitzewelle',-0.3034747528220697,0.717687200908918,0.13298132092008771,0.7506073292706656,8.0
'Hochdruck',0.050633243676184304,0.2643510920949617,-0.05855513369656074,0.3410074640908691,11.0
'Hochdruckgebiet',1.3632019937486919,0.9278587478134434,-0.7202860027803044,0.0186382339194114,2.0
'Sommertage',0.0,1.0,0.2,1.0,1.0
'Temperaturen Gesundheitsrisiken',0.175,1.0,0.25,1.0,1.0
'extreme Temperaturen',-0.7071067811865475,1.0,0.7071067811865476,1.0,1.0
