week,sentiment_mean,sentiment_std,subjectivity_mean,subjectivity_std,counting
2025-38,0.20187716855476293,1.0203966451583937,-0.5396039561438002,0.6391972031203924,3.0
2025-39,0.009505794658137457,0.7236203478832328,0.49019977319018015,0.9166330927094508,13.0
2025-40,0.39439359365788074,1.0926810446788235,-0.06962412758938404,0.9858929785835524,13.0
2025-41,-0.21327700895938806,1.0455414458046695,0.1620152778149776,0.8042187001676585,24.0
2025-42,-0.022487698735632288,0.9323385652035744,-0.04678425381637997,0.7295410085550751,20.0
2025-43,0.22878926777448466,0.6921976224169661,-0.1894094034064215,0.721652064134352,16.0
2025-44,-0.12123105482279659,0.7662429994299721,-0.23780968516717355,0.7501705710466896,32.0
2025-45,0.030533438735826826,0.8320506758114817,0.1802141757167975,1.1582890812447197,22.0
