topic,sentiment_mean,sentiment_std,subjectivity_mean,subjectivity_std,counting
Causes,1.004334175851235,1.0243632151791549,-0.3160399265194103,0.44694795033514645,2.0
Hazard,0.008333333333333331,0.36533850361304954,0.0,0.0,2.0
Impacts,-0.02155040283913038,0.3053407846291788,0.2798810558125833,0.8411191809841598,5.0
