,phrase,label,sentiment,subjectivity,language,count,gnd,geonames,geotype,latitude,longitude,continent,country,ipcc
Deutschland,Deutschland,LOC,-0.06842180,0.10962981,de,408.80000000,4011882-4,2921044,A,51.50000000,10.50000000,EUROPE,Germany,WCE
Berlin,Berlin,LOC,0.01628831,0.12977677,de,176.20000000,4005728-8,2950159,P,52.52437000,13.41053000,EUROPE,Germany,WCE
Europa,Europa,LOC,0.01410256,0.10968661,de,117.00000000,4015701-5,6255148,L,48.69096000,9.14062000,EUROPE,Germany,WCE
Frankreich,Frankreich,LOC,-0.16666667,0.08409014,de,99.10000000,4018145-5,3017382,A,46.00000000,2.00000000,EUROPE,France,WCE
Brandenburg,Brandenburg,LOC,0.18293799,0.15439035,de,80.10000000,4007955-7,2945356,A,52.45905000,13.01582000,EUROPE,Germany,WCE
Bayern,Bayern,LOC,-0.08559322,0.04237288,de,59.00000000,4005044-0,2951839,A,49.00000000,11.50000000,EUROPE,Germany,WCE
Hitze,Hitze,LOC,-0.11816578,0.16754850,de,56.70000000,,2903464,S,50.36667000,12.00000000,EUROPE,Germany,WCE
Deutschlands,Deutschlands,LOC,0.05724508,0.11329756,de,55.90000000,,0,,,,,,
Rheinland-Pfalz,Rheinland-Pfalz,LOC,0.16007533,0.06905210,de,53.10000000,4049795-1,2847618,A,49.66667000,7.50000000,EUROPE,Germany,WCE
Hessen,Hessen,LOC,0.11132438,0.19033909,de,52.10000000,4024729-6,2905330,A,50.55000000,9.00000000,EUROPE,Germany,WCE
Stadt,Stadt,LOC,-0.02418301,0.09803922,de,51.00000000,,2661604,P,47.55839000,7.57327000,EUROPE,Switzerland,WCE
Spanien,Spanien,LOC,-0.09563410,0.13513514,de,48.10000000,4055964-6,2510769,A,40.00000000,-4.00000000,EUROPE-AFRICA,Spain,MED
Großbritannien,Großbritannien,LOC,0.00000000,0.03211991,de,46.70000000,4022153-2,2635167,A,54.75844000,-2.69531000,EUROPE,United Kingdom,NEU
…,…,LOC,0.02313811,0.04229935,de,46.10000000,,0,,,,,,
Österreich,Österreich,LOC,-0.00259837,0.10022272,de,44.90000000,4043271-3,2782113,A,47.33333000,13.33333000,EUROPE,Austria,WCE
Baden-Württemberg,Baden-Württemberg,LOC,-0.18973214,0.15625000,de,44.80000000,,0,,,,,,
Sachsen,Sachsen,LOC,0.11923412,0.05221932,de,38.30000000,4051181-9,2842565,A,52.00000000,11.73330000,EUROPE,Germany,WCE
Europas,Europas,LOC,0.01562500,0.11363636,de,35.20000000,,0,,,,,,
Temperaturen,Temperaturen,LOC,-0.01142857,0.05714286,de,35.00000000,,0,,,,,,
Temperaturrekord,Temperaturrekord,LOC,-0.09090909,0.00000000,de,34.10000000,,0,,,,,,
USA,USA,LOC,-0.17424242,0.13636364,de,33.00000000,4078704-7,6255150,L,-14.60485000,-57.65625000,SOUTH-AMERICA,Brazil,SAM
Sachsen-Anhalt,Sachsen-Anhalt,LOC,-0.04383117,0.14610390,de,30.80000000,4036934-1,2874545,P,52.12773000,11.62916000,EUROPE,Germany,WCE
Newsblog,Newsblog,LOC,0.00000000,0.00000000,de,28.90000000,,0,,,,,,
München,München,LOC,0.21576227,0.07751938,de,25.80000000,4245720-8,2867714,P,48.13743000,11.57549000,EUROPE,Germany,WCE
Hitzewelle,Hitzewelle,LOC,-0.02766798,0.19762846,de,25.30000000,,0,,,,,,
Thüringen,Thüringen,LOC,-0.01851852,0.17195767,de,25.20000000,4059979-6,2822542,A,50.91667000,11.00000000,EUROPE,Germany,WCE
Waldbrandgefahr,Waldbrandgefahr,LOC,0.11489362,0.00000000,de,23.50000000,,0,,,,,,
Frankfurt,Frankfurt,LOC,0.07589286,0.00000000,de,22.40000000,4018118-2,2925533,P,50.11552000,8.68417000,EUROPE,Germany,WCE
US-Präsident,US-Präsident,LOC,0.00000000,0.00000000,de,22.00000000,,0,,,,,,
Dresden,Dresden,LOC,0.00000000,0.09302326,de,21.50000000,4012995-0,2935022,P,51.05089000,13.73832000,EUROPE,Germany,WCE
NRW,NRW,LOC,-0.02336449,0.00000000,de,21.40000000,4031483-2,2886242,P,50.93333000,6.95000000,EUROPE,Germany,WCE
Erde,Erde,LOC,0.13065327,0.05025126,de,19.90000000,1135962553,6295630,L,0.00000000,0.00000000,ATLANTIC,,EAO
Saarland,Saarland,LOC,-0.10910653,0.17182131,de,19.40000000,4076919-7,2842635,A,49.40472000,6.96083000,EUROPE,Germany,WCE
den USA,den USA,LOC,-0.24093264,0.12953368,de,19.30000000,4011446-6,2747373,P,52.07667000,4.29861000,EUROPE,The Netherlands,NEU
Brandenburgs,Brandenburgs,LOC,0.18617021,0.00000000,de,18.80000000,,8181624,S,52.36213000,13.50168000,EUROPE,Germany,WCE
Landes,Landes,LOC,-0.13088512,0.03766478,de,17.70000000,,3007868,L,44.25000000,-1.00000000,EUROPE-AFRICA,France,MED
Griechenland,Griechenland,LOC,0.03067485,0.00000000,de,16.30000000,4022047-3,390903,A,39.00000000,22.00000000,EUROPE-AFRICA,Greece,MED
Chile,Chile,LOC,-0.12883436,0.00000000,de,16.30000000,4009929-5,3895114,A,-30.00000000,-71.00000000,SOUTH-AMERICA,Chile,SWS
Schweiz,Schweiz,LOC,0.08974359,0.19230769,de,15.60000000,4053881-3,2658434,A,47.00016000,8.01427000,EUROPE,Switzerland,WCE
Hitzerekord,Hitzerekord,LOC,-0.26623377,0.12987013,de,15.40000000,,0,,,,,,
Saharastaub,Saharastaub,LOC,-0.12337662,0.00000000,de,15.40000000,,0,,,,,,
Hohe Waldbrandgefahr,Hohe Waldbrandgefahr,LOC,-0.12987013,0.00000000,de,15.40000000,,0,,,,,,
Österreichs,Österreichs,LOC,-0.01525054,0.15250545,de,15.30000000,,13513071,S,48.20430000,16.37016000,EUROPE,Austria,WCE
Niedersachsen,Niedersachsen,LOC,0.04560811,0.13513514,de,14.80000000,4042226-4,2862926,A,52.83333000,9.16667000,EUROPE,Germany,WCE
Potsdam,Potsdam,LOC,-0.04421769,0.17006803,de,14.70000000,4046948-7,2852458,P,52.39886000,13.06566000,EUROPE,Germany,WCE
London,London,LOC,0.15862069,0.06896552,de,14.50000000,4074335-4,2643743,P,51.50853000,-0.12574000,EUROPE,United Kingdom,NEU
Brasilien,Brasilien,LOC,0.27355072,0.07246377,de,13.80000000,4008003-1,3469034,A,-10.00000000,-55.00000000,SOUTH-AMERICA,Brazil,SAM
Paris,Paris,LOC,-0.12592593,0.07407407,de,13.50000000,4044660-8,2988507,P,48.85341000,2.34880000,EUROPE,France,WCE
Südfrankreich,Südfrankreich,LOC,-0.15185185,0.03703704,de,13.50000000,,0,,,,,,
“,“,LOC,0.05263158,0.22556391,de,13.30000000,,0,,,,,,
Mecklenburg-Vorpommern,Mecklenburg-Vorpommern,LOC,0.04615385,0.06410256,de,13.00000000,4242861-0,2872567,A,53.83333000,12.50000000,EUROPE,Germany,WCE
Wien,Wien,LOC,0.06347656,0.15625000,de,12.80000000,4066009-6,2761369,P,48.20849000,16.37208000,EUROPE,Austria,WCE
Waldbränden,Waldbränden,LOC,0.14435696,0.07874016,de,12.70000000,,0,,,,,,
Steiermark,Steiermark,LOC,0.08536585,0.12195122,de,12.30000000,4057092-7,2764581,A,47.25000000,15.16667000,EUROPE,Austria,WCE
Italien,Italien,LOC,0.23140496,0.16528926,de,12.10000000,4027833-5,3175395,A,42.83333000,12.83333000,EUROPE-AFRICA,Italy,MED
Belém,Belém,LOC,-0.08264463,0.08264463,de,12.10000000,4208294-8,3405870,P,-1.45583000,-48.50444000,SOUTH-AMERICA,Brazil,NES
Bayerns,Bayerns,LOC,-0.35416667,0.04166667,de,12.00000000,,0,,,,,,
Argentiniens,Argentiniens,LOC,-0.17090395,0.07062147,de,11.80000000,,0,,,,,,
Indien,Indien,LOC,-0.31339031,0.54131054,de,11.70000000,4026722-2,1269750,A,22.00000000,79.00000000,ASIA,India,SAS
Southside-Festival,Southside-Festival,LOC,-0.06034483,0.00000000,de,11.60000000,,0,,,,,,
Nordrhein-Westfalen,Nordrhein-Westfalen,LOC,-0.00147493,0.22123894,de,11.30000000,4031483-2,2886242,P,50.93333000,6.95000000,EUROPE,Germany,WCE
Treibhausgasen,Treibhausgasen,LOC,0.15596330,0.00000000,de,10.90000000,,0,,,,,,
Klimawandel,Klimawandel,LOC,-0.09174312,0.27522936,de,10.90000000,,0,,,,,,
Chiemsee,Chiemsee,LOC,-0.12385321,0.13761468,de,10.90000000,130571850X,2940125,H,47.88333000,12.46667000,EUROPE,Germany,WCE
Dauereinsatz,Dauereinsatz,LOC,-0.06422018,0.27522936,de,10.90000000,,0,,,,,,
Starkregen,Starkregen,LOC,-0.39814815,0.00000000,de,10.80000000,,0,,,,,,
Offenbach,Offenbach,LOC,-0.05295950,0.03115265,de,10.70000000,4043359-6,2857807,P,50.10061000,8.76647000,EUROPE,Germany,WCE
Hamburg,Hamburg,LOC,0.00000000,0.18691589,de,10.70000000,4239189-1,2911298,P,53.55073000,9.99302000,EUROPE,Germany,NEU
Iran,Iran,LOC,-0.20238095,0.28571429,de,10.50000000,4027653-3,130758,A,32.00000000,53.00000000,ASIA,Iran,WCA
Athen,Athen,LOC,-0.06862745,0.00000000,de,10.20000000,4003366-1,264371,P,37.98376000,23.72784000,EUROPE-AFRICA,Greece,MED
Ibiza,Ibiza,LOC,0.21333333,0.16666667,de,10.00000000,4026432-4,6299339,S,38.87286000,1.37312000,EUROPE-AFRICA,Spain,MED
China,China,LOC,-0.31818182,0.35353535,de,9.90000000,4009937-4,1814991,A,35.00000000,105.00000000,ASIA,China,EAS
Freistaat,Freistaat,LOC,-0.20875421,0.18518519,de,9.90000000,4059979-6,2822542,A,50.91667000,11.00000000,EUROPE,Germany,WCE
El Niño,El Niño,LOC,0.07070707,0.00000000,de,9.90000000,,12513655,L,-0.90231000,-89.52853000,PACIFIC,Ecuador,EPO
Kommunen,Kommunen,LOC,-0.16315789,0.45614035,de,9.50000000,4115052-1,2994935,P,48.30337000,-0.61383000,EUROPE,France,WCE
Frankreichs,Frankreichs,LOC,0.16489362,0.15957447,de,9.40000000,,0,,,,,,
Patagonien,Patagonien,LOC,-0.18315018,0.09157509,de,9.10000000,4044867-8,3841798,L,-44.00000000,-68.00000000,SOUTH-AMERICA,Argentina,SSA
Hitze-News,Hitze-News,LOC,-0.07692308,0.00000000,de,9.10000000,,0,,,,,,
Pariser,Pariser,LOC,0.20879121,0.16483516,de,9.10000000,,2943127,T,47.40555000,11.28725000,EUROPE,Germany,WCE
Bund,Bund,LOC,0.00000000,0.22222222,de,9.00000000,,10519668,L,20.49241000,79.45535000,ASIA,India,SAS
Staaten,Staaten,LOC,0.15708812,0.26819923,de,8.70000000,4078704-7,6252001,A,39.76000000,-98.50000000,NORTH-AMERICA,United States,CNA
Cottbus,Cottbus,LOC,-0.08235294,0.00000000,de,8.50000000,4070126-8,2939811,P,51.75769000,14.32888000,EUROPE,Germany,WCE
Ägäis,Ägäis,LOC,-0.20731707,0.00000000,de,8.20000000,4068425-8,6697808,A,36.16726000,27.90603000,EUROPE-AFRICA,Greece,MED
Parks,Parks,LOC,0.07317073,0.06097561,de,8.20000000,,889212,L,-16.51667000,28.98333000,AFRICA,Zimbabwe,ESAF
Argentinien,Argentinien,LOC,0.00000000,0.00000000,de,8.20000000,4002890-2,3865483,A,-34.00000000,-64.00000000,SOUTH-AMERICA,Argentina,SES
Mittelmeer,Mittelmeer,LOC,-0.20731707,0.24390244,de,8.20000000,4074895-9,363196,H,35.00000000,20.00000000,EUROPE-AFRICA,,MED
Kalifornien,Kalifornien,LOC,-0.36585366,0.12195122,de,8.20000000,4029307-5,11071615,L,34.68743000,-116.78467000,NORTH-AMERICA,United States,WNA
Nordsee,Nordsee,LOC,0.08536585,0.00000000,de,8.20000000,4042579-4,2960848,H,55.33333000,3.00000000,EUROPE,,NEU
Land,Land,LOC,-0.33750000,0.12500000,de,8.00000000,,3421288,L,81.90000000,-56.75000000,POLAR,Greenland,GIC
Privacy Center,Privacy Center,LOC,0.00000000,0.00000000,de,7.60000000,,0,,,,,,
Waldbrand,Waldbrand,LOC,0.14383562,0.06849315,de,7.30000000,,0,,,,,,
Chiles,Chiles,LOC,-0.26940639,0.45662100,de,7.30000000,,7730111,S,11.03530000,-84.70610000,CENTRAL-AMERICA,Costa Rica,SCA
Colorado,Colorado,LOC,-0.13698630,0.00000000,de,7.30000000,4010406-0,5417618,A,39.00027000,-105.50083000,NORTH-AMERICA,United States,WNA
Sachsens,Sachsens,LOC,0.00000000,0.00000000,de,7.20000000,,0,,,,,,
Hitzewellen,Hitzewellen,LOC,0.09722222,0.00000000,de,7.20000000,,0,,,,,,
Rhein-Main-Gebiet,Rhein-Main-Gebiet,LOC,-0.09859155,0.00000000,de,7.10000000,4049799-9,2847616,L,50.00000000,8.66667000,EUROPE,Germany,WCE
Kärnten,Kärnten,LOC,-0.00938967,0.14084507,de,7.10000000,4029175-3,2774686,A,46.75000000,13.83333000,EUROPE,Austria,WCE
Landtag,Landtag,LOC,-0.21428571,0.07142857,de,7.00000000,,7302299,S,48.77856000,9.18340000,EUROPE,Germany,WCE
A8,A8,LOC,-0.05468750,0.23437500,de,6.40000000,,7628306,A,56.43250000,21.56500000,EUROPE,Latvia,NEU
Spaniens,Spaniens,LOC,0.22656250,0.07812500,de,6.40000000,,0,,,,,,
Westeuropa,Westeuropa,LOC,0.00000000,0.00000000,de,6.40000000,4079215-8,9408659,L,50.21909000,7.42676000,EUROPE,Germany,WCE
Bonn,Bonn,LOC,-0.21875000,0.00000000,de,6.40000000,4007666-0,6296510,S,50.87894000,7.12292000,EUROPE,Germany,WCE
Vereinigten Staaten,Vereinigten Staaten,LOC,-0.02343750,0.00000000,de,6.40000000,4078704-7,6252001,A,39.76000000,-98.50000000,NORTH-AMERICA,United States,CNA
Ukraine,Ukraine,LOC,-0.15625000,0.00000000,de,6.40000000,4061496-7,690791,A,49.00000000,32.00000000,EUROPE,Ukraine,WCE
Innsbruck,Innsbruck,LOC,-0.04687500,0.00000000,de,6.40000000,4027096-8,2775220,P,47.26266000,11.39454000,EUROPE,Austria,WCE
US-Regierung,US-Regierung,LOC,-0.10937500,0.15625000,de,6.40000000,,0,,,,,,
Vorarlberg,Vorarlberg,LOC,0.19270833,0.00000000,de,6.40000000,4063944-7,2762300,A,47.25000000,9.91667000,EUROPE,Austria,WCE
Kreta,Kreta,LOC,0.15625000,0.00000000,de,6.40000000,4073791-3,258763,T,35.20523000,24.90308000,EUROPE-AFRICA,Greece,MED
Regen,Regen,LOC,0.27343750,0.07812500,de,6.40000000,4048975-9,2849495,P,48.97190000,13.12824000,EUROPE,Germany,WCE
Gohrischheide,Gohrischheide,LOC,0.10937500,0.00000000,de,6.40000000,,3313919,V,51.40078000,13.33861000,EUROPE,Germany,WCE
Hitze-Liveblog,Hitze-Liveblog,LOC,-0.26984127,0.00000000,de,6.30000000,,0,,,,,,
Oberrhein,Oberrhein,LOC,0.00000000,0.00000000,de,6.10000000,4042966-0,12077021,L,48.95947000,8.36214000,EUROPE,Germany,WCE
Kroatien,Kroatien,LOC,-0.11475410,0.16393443,de,6.10000000,4073841-3,3202326,A,45.16667000,15.50000000,EUROPE,Croatia,WCE
Leipzig,Leipzig,LOC,0.22950820,0.00000000,de,6.10000000,4035206-7,2879139,P,51.33962000,12.37129000,EUROPE,Germany,WCE
Köln,Köln,LOC,0.00000000,0.00000000,de,5.80000000,4031483-2,2886242,P,50.93333000,6.95000000,EUROPE,Germany,WCE
Brüssel,Brüssel,LOC,-0.12500000,0.00000000,de,5.60000000,4008460-7,2800866,P,50.85045000,4.34878000,EUROPE,Belgium,WCE
Böden,Böden,LOC,0.00000000,0.00000000,de,5.50000000,,11903818,P,47.67815000,14.17010000,EUROPE,Austria,WCE
Kitzingen,Kitzingen,LOC,-0.12727273,0.00000000,de,5.50000000,4030899-6,6296850,S,49.74306000,10.20056000,EUROPE,Germany,WCE
Halle,Halle,LOC,0.25454545,0.00000000,de,5.50000000,4023027-2,2911522,P,51.48158000,11.97947000,EUROPE,Germany,WCE
Utah,Utah,LOC,-0.18181818,0.00000000,de,5.50000000,4062214-9,5549030,A,39.25024000,-111.75103000,NORTH-AMERICA,United States,WNA
Afrika,Afrika,LOC,0.36363636,0.18181818,de,5.50000000,4000695-5,6255146,L,7.18810000,21.09375000,AFRICA,Central African Republic,CAF
Alpen,Alpen,LOC,-0.18181818,0.00000000,de,5.50000000,4001328-5,682673,T,45.50000000,24.25000000,EUROPE,Romania,WCE
Neuhausen ob Eck,Neuhausen ob Eck,LOC,0.00000000,0.00000000,de,5.40000000,4211835-9,2865085,P,47.97257000,8.92759000,EUROPE,Germany,WCE
Washington,Washington,LOC,-0.05555556,0.55555556,de,5.40000000,4064682-8,4140963,P,38.89511000,-77.03637000,NORTH-AMERICA,United States,ENA
Schleswig-Holstein,Schleswig-Holstein,LOC,0.12962963,0.00000000,de,5.40000000,4052692-6,2838632,A,54.20000000,9.75000000,EUROPE,Germany,NEU
Niederösterreich,Niederösterreich,LOC,-0.12962963,0.37037037,de,5.40000000,4075391-8,2770542,A,48.33333000,15.75000000,EUROPE,Austria,WCE
Salzburg,Salzburg,LOC,-0.06603774,0.09433962,de,5.30000000,4076982-3,2766824,P,47.79941000,13.04399000,EUROPE,Austria,WCE
Hitzealarm,Hitzealarm,LOC,-0.05882353,0.00000000,de,5.10000000,,0,,,,,,
Waldbrandrisiko,Waldbrandrisiko,LOC,0.54901961,0.19607843,de,5.10000000,,0,,,,,,
Anmarsch,Anmarsch,LOC,0.21739130,0.00000000,de,4.60000000,,0,,,,,,
Stuttgart,Stuttgart,LOC,0.00000000,0.00000000,de,4.60000000,4058282-6,2825297,P,48.78232000,9.17702000,EUROPE,Germany,WCE
Mexiko,Mexiko,LOC,0.30434783,0.00000000,de,4.60000000,4039058-5,3996063,A,23.00000000,-102.00000000,CENTRAL-AMERICA,Mexico,NCA
Kampfmitteln,Kampfmitteln,LOC,0.00000000,0.00000000,de,4.60000000,,0,,,,,,
Baruth,Baruth,LOC,0.00000000,0.00000000,de,4.60000000,,7602464,A,52.05000000,13.50000000,EUROPE,Germany,WCE
Bundes,Bundes,LOC,0.25000000,0.00000000,de,4.60000000,,0,,,,,,
Russlands,Russlands,LOC,0.00000000,0.21739130,de,4.60000000,,6251669,S,-45.84839000,168.80008000,OCEANIA,New Zealand,NZ
Heathrow,Heathrow,LOC,0.65217391,0.00000000,de,4.60000000,5099829-8,2647216,S,51.47115000,-0.45649000,EUROPE,United Kingdom,NEU
Dänemark,Dänemark,LOC,0.42753623,0.07246377,de,4.60000000,4010877-6,2623032,A,56.00000000,10.00000000,EUROPE,Denmark,NEU
Trump,Trump,LOC,0.00000000,0.00000000,de,4.60000000,,6627046,T,-66.03882000,-65.96845000,POLAR,Antarctica,WAN
Portugal,Portugal,LOC,-0.15217391,0.00000000,de,4.60000000,4046843-4,2264397,A,39.69450000,-8.13057000,EUROPE-AFRICA,Portugal,MED
Sommerdürre,Sommerdürre,LOC,0.76086957,0.00000000,de,4.60000000,,0,,,,,,
Los Angeles,Los Angeles,LOC,0.15217391,0.00000000,de,4.60000000,4036361-2,5368361,P,34.05223000,-118.24368000,NORTH-AMERICA,United States,WNA
Mallorca,Mallorca,LOC,-0.15217391,0.00000000,de,4.60000000,4115833-7,2512989,P,39.56939000,2.65024000,EUROPE-AFRICA,Spain,MED
t3n.de,t3n.de,LOC,0.45652174,0.00000000,de,4.60000000,,0,,,,,,
Briten,Briten,LOC,-0.21014493,0.14492754,de,4.60000000,4321693-6,4839292,P,41.66121000,-72.77954000,NORTH-AMERICA,United States,ENA
Greenpeace,Greenpeace,LOC,0.00000000,0.21739130,de,4.60000000,,0,,,,,,
Klimaanlagen,Klimaanlagen,LOC,0.15217391,0.00000000,de,4.60000000,,0,,,,,,
Hitzestress,Hitzestress,LOC,0.00000000,0.21739130,de,4.60000000,,0,,,,,,
England,England,LOC,0.00000000,0.00000000,de,4.60000000,4014770-8,11919979,L,44.00000000,-71.00000000,NORTH-AMERICA,United States,ENA
Australien,Australien,LOC,0.21739130,0.00000000,de,4.60000000,4003900-6,2077456,A,-25.00000000,135.00000000,OCEANIA,Australia,CAU
d…,d…,LOC,0.00000000,0.00000000,de,4.60000000,,0,,,,,,
Orkanböen,Orkanböen,LOC,-0.50000000,0.00000000,de,4.60000000,,0,,,,,,
Flüssen,Flüssen,LOC,-0.61956522,0.00000000,de,4.60000000,,2926035,P,48.21861000,10.27462000,EUROPE,Germany,WCE
Warnungen,Warnungen,LOC,0.45652174,0.00000000,de,4.60000000,,0,,,,,,
sn,sn,LOC,0.15555556,0.00000000,de,4.50000000,4000695-5,6255146,L,7.18810000,21.09375000,AFRICA,Central African Republic,CAF
Süddeutschland,Süddeutschland,LOC,-0.15555556,0.44444444,de,4.50000000,4078022-3,12909096,L,48.58781000,10.71652000,EUROPE,Germany,WCE
Kanada,Kanada,LOC,0.23333333,0.33333333,de,4.50000000,4029456-0,6251999,A,60.10867000,-113.64258000,NORTH-AMERICA,Canada,NWN
Japan,Japan,LOC,-0.15555556,0.22222222,de,4.50000000,4028495-5,1861060,A,35.68536000,139.75309000,ASIA,Japan,EAS
Nordjapan,Nordjapan,LOC,-0.15909091,0.00000000,de,4.40000000,,0,,,,,,
Pazifik,Pazifik,LOC,0.00000000,0.22727273,de,4.40000000,,0,,,,,,
Wetterdienst,Wetterdienst,LOC,0.00000000,0.00000000,de,4.40000000,,0,,,,,,
Potsdamer,Potsdamer,LOC,0.34883721,0.34883721,de,4.30000000,,2852454,S,52.50939000,13.37638000,EUROPE,Germany,WCE
Berlins,Berlins,LOC,-0.16279070,0.00000000,de,4.30000000,,2193381,T,-41.90000000,171.83333000,OCEANIA,New Zealand,NZ
Klimaziele,Klimaziele,LOC,0.16666667,0.00000000,de,4.20000000,,0,,,,,,
Tiroler,Tiroler,LOC,0.00000000,0.00000000,de,3.90000000,,2783037,H,47.85000000,12.50000000,EUROPE,Germany,WCE
Hochsommer,Hochsommer,LOC,0.00000000,0.00000000,de,3.70000000,,0,,,,,,
Polen,Polen,LOC,0.37837838,0.00000000,de,3.70000000,4046496-9,798544,A,52.00000000,20.00000000,EUROPE,Poland,WCE
Südkorea,Südkorea,LOC,0.27027027,0.27027027,de,3.70000000,4078029-6,1835841,A,36.50000000,127.75000000,ASIA,South Korea,EAS
Stadt München,Stadt München,LOC,0.37837838,0.27027027,de,3.70000000,4245720-8,2867714,P,48.13743000,11.57549000,EUROPE,Germany,WCE
Formentera,Formentera,LOC,0.15315315,0.09009009,de,3.70000000,4017869-9,2517690,T,38.69467000,1.46919000,EUROPE-AFRICA,Spain,MED
Notstand,Notstand,LOC,0.00000000,0.00000000,de,3.70000000,,0,,,,,,
Antarktis,Antarktis,LOC,0.08108108,0.27027027,de,3.70000000,4002208-0,6255152,L,-78.15856000,16.40626000,POLAR,,EAN
Landkreisen,Landkreisen,LOC,0.18918919,0.00000000,de,3.70000000,,0,,,,,,
Bäume,Bäume,LOC,0.00000000,0.00000000,de,3.70000000,,0,,,,,,
Böhmischen Schweiz,Böhmischen Schweiz,LOC,-0.18918919,0.00000000,de,3.70000000,,0,,,,,,
Bremen,Bremen,LOC,0.04054054,0.27027027,de,3.70000000,4090044-7,2944388,P,53.07582000,8.80717000,EUROPE,Germany,NEU
BGH,BGH,LOC,0.08108108,0.00000000,de,3.70000000,,1423264,P,35.22156000,69.21397000,ASIA,Afghanistan,WCA
Ältere,Ältere,LOC,-0.67567568,0.40540541,de,3.70000000,,0,,,,,,
Ostsee,Ostsee,LOC,0.61261261,0.09009009,de,3.70000000,4044107-6,2633321,H,56.00000000,18.00000000,EUROPE,,NEU
Wäldern,Wäldern,LOC,-0.04054054,0.27027027,de,3.70000000,1075219485,3314082,L,49.11669000,10.18334000,EUROPE,Germany,WCE
Sahara,Sahara,LOC,0.00000000,0.00000000,de,3.70000000,4051293-9,2212709,T,26.00000000,13.00000000,AFRICA,Libya,SAH
Oberösterreich,Oberösterreich,LOC,-0.18918919,0.27027027,de,3.70000000,4074255-6,2772400,P,48.30639000,14.28611000,EUROPE,Austria,WCE
Friedrichshain-Kreuzberg,Friedrichshain-Kreuzberg,LOC,0.06756757,0.00000000,de,3.70000000,1362007056,2884161,P,52.49973000,13.40338000,EUROPE,Germany,WCE
Blutregen,Blutregen,LOC,0.00000000,0.00000000,de,3.70000000,,0,,,,,,
Wetterau,Wetterau,LOC,-0.04054054,0.00000000,de,3.70000000,4018510-2,2924802,P,50.33739000,8.75591000,EUROPE,Germany,WCE
Italiens,Italiens,LOC,0.00000000,0.00000000,de,3.70000000,,6116880,H,46.36199000,-74.81286000,NORTH-AMERICA,Canada,ENA
Biobío,Biobío,LOC,-0.37837838,0.00000000,de,3.70000000,,3898380,A,-37.37500000,-72.45000000,SOUTH-AMERICA,Chile,SWS
Attendorn,Attendorn,LOC,0.00000000,0.00000000,de,3.70000000,4003450-1,2954932,P,51.12645000,7.90333000,EUROPE,Germany,WCE
Großbritanniens,Großbritanniens,LOC,0.00000000,0.00000000,de,3.70000000,,0,,,,,,
Hitzerekorde,Hitzerekorde,LOC,0.00000000,0.00000000,de,3.70000000,,0,,,,,,
Harz,Harz,LOC,-0.18918919,0.54054054,de,3.70000000,4023568-3,2909965,T,51.75619000,10.63462000,EUROPE,Germany,WCE
Inntal,Inntal,LOC,-0.27027027,0.00000000,de,3.70000000,4297240-1,2770041,P,47.29823000,11.08611000,EUROPE,Austria,WCE
Hitze-Hotspots,Hitze-Hotspots,LOC,0.37837838,0.00000000,de,3.70000000,,0,,,,,,
Rhein-Main,Rhein-Main,LOC,0.37837838,0.00000000,de,3.70000000,,2847616,L,50.00000000,8.66667000,EUROPE,Germany,WCE
Meer,Meer,LOC,0.00000000,0.09009009,de,3.70000000,,1627362,H,-3.33333000,133.80000000,ASIA,Indonesia,SEA
Mega-Events,Mega-Events,LOC,0.18918919,0.00000000,de,3.70000000,,0,,,,,,
Bädern,Bädern,LOC,0.00000000,0.00000000,de,3.70000000,,0,,,,,,
Saarbrücken,Saarbrücken,LOC,0.19444444,0.00000000,de,3.60000000,4076912-4,2842647,P,49.23262000,7.00982000,EUROPE,Germany,WCE
Westeuropas,Westeuropas,LOC,-0.19444444,0.00000000,de,3.60000000,,0,,,,,,
Badesee,Badesee,LOC,0.47222222,0.00000000,de,3.60000000,,12003738,L,46.75199000,9.12297000,EUROPE,Switzerland,WCE
Land Tirol,Land Tirol,LOC,-0.38888889,0.00000000,de,3.60000000,4023019-3,2764958,P,47.28333000,11.51667000,EUROPE,Austria,WCE
Baden,Baden,LOC,-0.19444444,0.00000000,de,3.60000000,4058282-6,2825297,P,48.78232000,9.17702000,EUROPE,Germany,WCE
Badewetter,Badewetter,LOC,0.00000000,0.00000000,de,3.60000000,,0,,,,,,
Kliniken,Kliniken,LOC,0.27777778,0.55555556,de,3.60000000,,11610676,P,48.13564000,11.55916000,EUROPE,Germany,WCE
Melbourne,Melbourne,LOC,-0.28571429,0.85714286,de,3.50000000,4038526-7,2158177,P,-37.81400000,144.96332000,OCEANIA,Australia,SAU
Hannover,Hannover,LOC,-0.12142857,0.28571429,de,3.50000000,4023349-2,2910831,P,52.37052000,9.73322000,EUROPE,Germany,WCE
US-Präsidenten,US-Präsidenten,LOC,0.57142857,0.00000000,de,3.50000000,,0,,,,,,
Rhein,Rhein,LOC,-0.20000000,0.00000000,de,3.50000000,4049739-2,12077024,L,49.31885000,8.77012000,EUROPE,Germany,WCE
Stadtgrün,Stadtgrün,LOC,0.61428571,0.00000000,de,3.50000000,,0,,,,,,
Burgenland,Burgenland,LOC,-0.24285714,0.00000000,de,3.50000000,4009114-4,2781194,A,47.50000000,16.41667000,EUROPE,Austria,WCE
Schwitzen,Schwitzen,LOC,0.00000000,0.00000000,de,3.50000000,,0,,,,,,
Rekordtempo,Rekordtempo,LOC,0.20588235,0.00000000,de,3.40000000,,0,,,,,,
Kollaps,Kollaps,LOC,-0.24137931,0.00000000,de,2.90000000,,0,,,,,,
Gepäck,Gepäck,LOC,0.00000000,0.00000000,de,2.80000000,,0,,,,,,
Wilhelmshaven,Wilhelmshaven,LOC,0.00000000,0.00000000,de,2.80000000,4066173-8,2808720,P,53.54760000,8.10395000,EUROPE,Germany,NEU
Himalaya,Himalaya,LOC,0.00000000,0.00000000,de,2.80000000,4024923-2,1252558,T,28.00000000,84.00000000,ASIA,Nepal,TIB
Blitz-Flaute,Blitz-Flaute,LOC,0.75000000,0.00000000,de,2.80000000,,0,,,,,,
Tirol,Tirol,LOC,0.00000000,0.35714286,de,2.80000000,4027096-8,2775220,P,47.26266000,11.39454000,EUROPE,Austria,WCE
Rostock,Rostock,LOC,-0.25000000,0.00000000,de,2.80000000,4050610-1,2844588,P,54.08870000,12.14049000,EUROPE,Germany,NEU
Bezirk Vöcklabruck,Bezirk Vöcklabruck,LOC,0.00000000,0.00000000,de,2.80000000,4063672-0,2762342,A,48.00313000,13.65772000,EUROPE,Austria,WCE
Rom,Rom,LOC,0.00000000,0.00000000,de,2.80000000,4050471-2,3169070,P,41.89193000,12.51133000,EUROPE-AFRICA,Italy,MED
lsw,lsw,LOC,-0.25000000,0.00000000,de,2.80000000,,1214658,P,5.18010000,97.15070000,ASIA,Indonesia,SEA
Gemeinde,Gemeinde,LOC,-0.40476190,0.00000000,de,2.80000000,4062244-7,3042030,P,47.14151000,9.52154000,EUROPE,Liechtenstein,WCE
Irans,Irans,LOC,0.00000000,0.00000000,de,2.80000000,,0,,,,,,
leiden,leiden,LOC,-1.07142857,0.00000000,de,2.80000000,4074118-7,2751773,P,52.15833000,4.49306000,EUROPE,The Netherlands,NEU
Kenley,Kenley,LOC,0.00000000,0.00000000,de,2.80000000,,2645821,P,51.32643000,-0.10111000,EUROPE,United Kingdom,NEU
Innenstadt,Innenstadt,LOC,0.35714286,0.00000000,de,2.80000000,4018118-2,2925533,P,50.11552000,8.68417000,EUROPE,Germany,WCE
Barnim,Barnim,LOC,0.00000000,0.00000000,de,2.80000000,4013452-0,2933882,P,52.83492000,13.81951000,EUROPE,Germany,WCE
Griechenlands,Griechenlands,LOC,-0.71428571,0.00000000,de,2.80000000,,0,,,,,,
M…,M…,LOC,-0.25000000,0.00000000,de,2.80000000,,0,,,,,,
Regierungsangaben,Regierungsangaben,LOC,0.00000000,0.00000000,de,2.80000000,,0,,,,,,
Niedersachsens,Niedersachsens,LOC,-0.35714286,0.71428571,de,2.80000000,,0,,,,,,
Schweden,Schweden,LOC,0.00000000,0.00000000,de,2.80000000,4077258-5,2661886,A,62.00000000,15.00000000,EUROPE,Sweden,NEU
Telangana,Telangana,LOC,0.00000000,0.00000000,de,2.80000000,109727229X,1254788,A,17.83333000,79.08333000,ASIA,India,SAS
Großraum Paris,Großraum Paris,LOC,-0.25000000,0.00000000,de,2.80000000,,0,,,,,,
Buckingham-Palast,Buckingham-Palast,LOC,-0.25000000,0.00000000,de,2.80000000,,0,,,,,,
Würzburg,Würzburg,LOC,0.00000000,0.35714286,de,2.80000000,4067037-5,2805615,P,49.79391000,9.95121000,EUROPE,Germany,WCE
Grünflächen,Grünflächen,LOC,-0.25000000,0.00000000,de,2.80000000,,0,,,,,,
Bewuchs,Bewuchs,LOC,-0.25000000,0.00000000,de,2.80000000,,0,,,,,,
Landkreis Teltow-Fläming,Landkreis Teltow-Fläming,LOC,-0.25000000,0.00000000,de,2.80000000,4109139-5,2894394,P,51.99607000,13.07979000,EUROPE,Germany,WCE
Dresdner Heide,Dresdner Heide,LOC,0.00000000,0.00000000,de,2.80000000,4012998-6,12500879,P,51.09660000,13.84148000,EUROPE,Germany,WCE
Hamburgs,Hamburgs,LOC,0.00000000,0.00000000,de,2.80000000,4239189-1,2911298,P,53.55073000,9.99302000,EUROPE,Germany,NEU
La Bañeza,La Bañeza,LOC,0.35714286,0.00000000,de,2.80000000,4271109-5,3119979,P,42.30026000,-5.89772000,EUROPE-AFRICA,Spain,MED
Brandursache,Brandursache,LOC,0.00000000,0.00000000,de,2.80000000,,0,,,,,,
Hochschwarzwald,Hochschwarzwald,LOC,-0.71428571,0.00000000,de,2.80000000,4040556-4,2867770,P,47.80820000,7.63035000,EUROPE,Germany,WCE
Südwestdeutschlands,Südwestdeutschlands,LOC,0.75000000,0.00000000,de,2.80000000,,0,,,,,,
Dessau-Roßlau,Dessau-Roßlau,LOC,0.00000000,0.00000000,de,2.80000000,1211907996,2937959,P,51.83864000,12.24555000,EUROPE,Germany,WCE
New Orleans,New Orleans,LOC,-0.30357143,0.35714286,de,2.80000000,4042008-5,4335045,P,29.95465000,-90.07507000,NORTH-AMERICA,United States,CNA
Ozeane,Ozeane,LOC,-0.12500000,0.17857143,de,2.80000000,,0,,,,,,
Wetterbericht,Wetterbericht,LOC,0.00000000,0.00000000,de,2.80000000,,0,,,,,,
See,See,LOC,0.00000000,0.00000000,de,2.80000000,1294128485,3082253,H,53.65794000,14.32949000,EUROPE,Poland,WCE
Milei,Milei,LOC,-0.50000000,0.00000000,de,2.80000000,,186672,T,-0.47923000,38.17793000,AFRICA,Kenya,SEAF
Kuba,Kuba,LOC,0.00000000,0.71428571,de,2.80000000,4033340-1,3562981,A,22.00000000,-79.50000000,CENTRAL-AMERICA,Cuba,CAR
Stadt Zürich,Stadt Zürich,LOC,0.03571429,0.00000000,de,2.80000000,4068038-1,6295077,P,47.49951000,8.72872000,EUROPE,Switzerland,WCE
Münsterhof,Münsterhof,LOC,0.00000000,0.00000000,de,2.80000000,,2867519,P,49.59373000,7.99870000,EUROPE,Germany,WCE
Hambacher Forst,Hambacher Forst,LOC,0.00000000,0.00000000,de,2.80000000,,0,,,,,,
Mittagssonne,Mittagssonne,LOC,-0.35714286,0.00000000,de,2.80000000,,0,,,,,,
Emser Hütte,Emser Hütte,LOC,-0.05357143,0.00000000,de,2.80000000,,3324312,S,47.35211000,9.72178000,EUROPE,Austria,WCE
Alkoholverbot,Alkoholverbot,LOC,0.00000000,0.00000000,de,2.80000000,,0,,,,,,
Himalaya-Gebirge,Himalaya-Gebirge,LOC,0.00000000,0.00000000,de,2.80000000,,0,,,,,,
Copernicus,Copernicus,LOC,0.00000000,0.00000000,de,2.80000000,,3081363,S,51.10268000,16.88584000,EUROPE,Poland,WCE
Schulschließungen,Schulschließungen,LOC,0.00000000,0.00000000,de,2.80000000,,0,,,,,,
Magdeburger,Magdeburger,LOC,0.00000000,0.00000000,de,2.80000000,,2874543,T,52.16667000,11.16667000,EUROPE,Germany,WCE
Klimaschutzregeln,Klimaschutzregeln,LOC,-0.25000000,0.00000000,de,2.80000000,,0,,,,,,
Oulu,Oulu,LOC,0.00000000,0.00000000,de,2.80000000,4116840-9,643492,P,65.01236000,25.46816000,EUROPE,Finland,NEU
Bremerhaven,Bremerhaven,LOC,-0.46428571,0.00000000,de,2.80000000,19634-4,2944368,P,53.55357000,8.57553000,EUROPE,Germany,NEU
Rhein-Main-Liveblog,Rhein-Main-Liveblog,LOC,0.00000000,0.00000000,de,2.80000000,,0,,,,,,
Arizona,Arizona,LOC,0.00000000,0.00000000,de,2.80000000,4002920-7,5551752,A,34.50030000,-111.50098000,NORTH-AMERICA,United States,WNA
Möckern-Drewitz,Möckern-Drewitz,LOC,0.25000000,0.00000000,de,2.80000000,103222293X,2934983,P,52.21553000,12.16487000,EUROPE,Germany,WCE
Brandenburgs Parks,Brandenburgs Parks,LOC,-0.25000000,0.00000000,de,2.80000000,,0,,,,,,
Sommerhitze,Sommerhitze,LOC,-1.07142857,0.00000000,de,2.80000000,,0,,,,,,
Südbaden,Südbaden,LOC,0.00000000,0.00000000,de,2.80000000,,0,,,,,,
Gewässern,Gewässern,LOC,0.00000000,0.35714286,de,2.80000000,,0,,,,,,
Salzburger,Salzburger,LOC,0.12500000,0.16071429,de,2.80000000,,2766822,T,47.66667000,12.83333000,EUROPE,Germany,WCE
Atlantik,Atlantik,LOC,0.00000000,0.00000000,de,2.80000000,4003388-0,2395914,P,6.44852000,2.35566000,AFRICA,Benin,WAF
Cottbuser,Cottbuser,LOC,-1.07142857,0.00000000,de,2.80000000,,2939808,T,51.91678000,14.24372000,EUROPE,Germany,WCE
Basel,Basel,LOC,-0.02678571,0.00000000,de,2.80000000,4004617-5,2661604,P,47.55839000,7.57327000,EUROPE,Switzerland,WCE
Hitzehotspots,Hitzehotspots,LOC,0.00000000,0.00000000,de,2.80000000,,0,,,,,,
Prüfstand,Prüfstand,LOC,-0.25000000,0.00000000,de,2.80000000,,7283819,S,54.16801000,13.79953000,EUROPE,Germany,WCE
Pongau,Pongau,LOC,0.25000000,0.00000000,de,2.80000000,4046758-2,2766642,A,47.30000000,13.30000000,EUROPE,Austria,WCE
Tschechien,Tschechien,LOC,0.37500000,0.53571429,de,2.80000000,4303381-7,3077311,A,49.75000000,15.00000000,EUROPE,Czechia,WCE
Stadt Erfurt,Stadt Erfurt,LOC,0.25000000,0.00000000,de,2.80000000,4015240-6,2929670,P,50.97734000,11.03536000,EUROPE,Germany,WCE
Mittelmeerküste,Mittelmeerküste,LOC,-0.25000000,0.00000000,de,2.80000000,,0,,,,,,
Sant Antoni,Sant Antoni,LOC,0.71428571,0.00000000,de,2.80000000,,3110854,P,41.84565000,3.09969000,EUROPE-AFRICA,Spain,MED
Meteorologen,Meteorologen,LOC,0.00000000,0.00000000,de,2.80000000,,0,,,,,,
Kühle,Kühle,LOC,-0.51851852,0.00000000,de,2.70000000,,2882814,T,51.61722000,10.38016000,EUROPE,Germany,WCE
Anklam,Anklam,LOC,0.00000000,0.00000000,de,2.70000000,4002084-8,2956018,P,53.85637000,13.68965000,EUROPE,Germany,WCE
TTS-Player,TTS-Player,LOC,-0.18518519,0.18518519,de,2.70000000,,0,,,,,,
Krankenhäusern,Krankenhäusern,LOC,0.00000000,0.34567901,de,2.70000000,,0,,,,,,
Bettdecke,Bettdecke,LOC,0.88888889,0.00000000,de,2.70000000,,0,,,,,,
Badeunfällen,Badeunfällen,LOC,0.25925926,0.00000000,de,2.70000000,,0,,,,,,
Graz,Graz,LOC,0.12962963,0.18518519,de,2.70000000,4021912-4,2778067,P,47.06733000,15.44197000,EUROPE,Austria,WCE
Risiko,Risiko,LOC,-0.26923077,0.00000000,de,2.60000000,,0,,,,,,
Ausflüglern,Ausflüglern,LOC,0.00000000,1.15384615,de,2.60000000,,0,,,,,,
Rekord-Hitze,Rekord-Hitze,LOC,-0.26923077,0.00000000,de,2.60000000,,0,,,,,,
Eichenprozessionsspinner,Eichenprozessionsspinner,LOC,-0.76923077,0.00000000,de,2.60000000,,0,,,,,,
Umweltminister,Umweltminister,LOC,0.00000000,0.00000000,de,2.60000000,,0,,,,,,
Hitze-Check,Hitze-Check,LOC,0.00000000,0.00000000,de,2.60000000,,0,,,,,,
Fulda,Fulda,LOC,0.00000000,0.00000000,de,2.60000000,4018859-0,2923822,P,50.55162000,9.67518000,EUROPE,Germany,WCE
Australian Open,Australian Open,LOC,-0.26923077,0.00000000,de,2.60000000,,0,,,,,,
Gewittern,Gewittern,LOC,-0.35897436,0.12820513,de,2.60000000,,0,,,,,,
Amazonas,Amazonas,LOC,0.00000000,0.00000000,de,2.60000000,4001626-2,3689982,A,-1.16667000,-71.50000000,SOUTH-AMERICA,Colombia,NSA
Nordamerika,Nordamerika,LOC,-0.53846154,0.38461538,de,2.60000000,4042483-2,6255149,L,46.07323000,-100.54688000,NORTH-AMERICA,United States,CNA
Bergen,Bergen,LOC,-0.26923077,0.38461538,de,2.60000000,1027742-0,3161732,P,60.39299000,5.32415000,EUROPE,Norway,NEU
Brasiliens,Brasiliens,LOC,0.00000000,0.00000000,de,2.20000000,,0,,,,,,
Klimaabkommens,Klimaabkommens,LOC,0.31818182,0.00000000,de,2.20000000,,0,,,,,,
Teheran,Teheran,LOC,-1.15476190,0.23809524,de,2.10000000,4059304-6,112931,P,35.69439000,51.42151000,ASIA,Iran,WCA
Madrid,Madrid,LOC,0.70000000,0.00000000,de,2.00000000,4036862-2,3117735,P,40.41650000,-3.70256000,EUROPE-AFRICA,Spain,MED
Gesundheitsministerium Bilanz,Gesundheitsministerium Bilanz,LOC,-0.70000000,0.00000000,de,2.00000000,,0,,,,,,
Bernburg,Bernburg,LOC,0.00000000,0.00000000,de,1.90000000,4005774-4,2950073,P,51.79464000,11.74010000,EUROPE,Germany,WCE
Fachebene,Fachebene,LOC,-0.36842105,0.00000000,de,1.90000000,,0,,,,,,
Ländern,Ländern,LOC,0.00000000,0.00000000,de,1.90000000,,10382292,S,47.40914000,9.61366000,EUROPE,Switzerland,WCE
Ostsachsens,Ostsachsens,LOC,0.00000000,0.00000000,de,1.90000000,,0,,,,,,
Waldbrände,Waldbrände,LOC,0.36842105,0.00000000,de,1.90000000,,0,,,,,,
Stromausfälle,Stromausfälle,LOC,-0.52631579,0.00000000,de,1.90000000,,0,,,,,,
Offe…,Offe…,LOC,0.00000000,0.00000000,de,1.90000000,,0,,,,,,
Cooling-Areas,Cooling-Areas,LOC,0.00000000,0.00000000,de,1.90000000,,0,,,,,,
Stadt Innsbruck,Stadt Innsbruck,LOC,-0.52631579,0.00000000,de,1.90000000,4027096-8,2775220,P,47.26266000,11.39454000,EUROPE,Austria,WCE
Friedberg,Friedberg,LOC,0.00000000,0.00000000,de,1.90000000,4093286-2,2924803,P,48.35693000,10.98461000,EUROPE,Germany,WCE
Bologna,Bologna,LOC,0.00000000,0.00000000,de,1.90000000,4007616-7,3181928,P,44.49381000,11.33875000,EUROPE-AFRICA,Italy,MED
Vogelsberg,Vogelsberg,LOC,0.00000000,0.00000000,de,1.90000000,4063735-9,2816887,T,50.51990000,9.23950000,EUROPE,Germany,WCE
Ostsachen,Ostsachen,LOC,0.00000000,0.00000000,de,1.90000000,,0,,,,,,
Schauern,Schauern,LOC,0.36842105,0.00000000,de,1.90000000,,11696205,P,48.47195000,13.75239000,EUROPE,Austria,WCE
Hessen Friedberg,Hessen Friedberg,LOC,0.73684211,0.00000000,de,1.90000000,4018510-2,2924802,P,50.33739000,8.75591000,EUROPE,Germany,WCE
Stadtklima,Stadtklima,LOC,0.36842105,0.52631579,de,1.90000000,,0,,,,,,
Klimaanpassungsgesetzes,Klimaanpassungsgesetzes,LOC,0.00000000,0.00000000,de,1.90000000,,0,,,,,,
MetLife Stadium,MetLife Stadium,LOC,-0.52631579,0.00000000,de,1.90000000,,5101022,S,40.81427000,-74.07375000,NORTH-AMERICA,United States,ENA
Bundesgerichtshof,Bundesgerichtshof,LOC,-0.36842105,0.00000000,de,1.90000000,,4140603,S,38.89039000,-77.00442000,NORTH-AMERICA,United States,ENA
Kaukasus,Kaukasus,LOC,0.00000000,0.00000000,de,1.90000000,4030090-0,573081,T,42.50000000,45.00000000,ASIA,Georgia,WCA
Andalusien,Andalusien,LOC,-0.52631579,0.00000000,de,1.90000000,4001909-3,2593109,A,37.50000000,-4.58333000,EUROPE-AFRICA,Spain,MED
Wiesbaden,Wiesbaden,LOC,-0.36842105,0.00000000,de,1.90000000,4066043-6,2809346,P,50.08601000,8.24435000,EUROPE,Germany,WCE
Planet Erde,Planet Erde,LOC,0.00000000,0.52631579,de,1.90000000,,0,,,,,,
Forst,Forst,LOC,0.00000000,0.00000000,de,1.90000000,4017920-5,2925832,P,51.73544000,14.63971000,EUROPE,Germany,WCE
Emissionshandel,Emissionshandel,LOC,0.00000000,0.00000000,de,1.90000000,,0,,,,,,
Grundwasserstände,Grundwasserstände,LOC,-0.52631579,0.00000000,de,1.90000000,,0,,,,,,
Jüterbog,Jüterbog,LOC,0.00000000,0.00000000,de,1.90000000,4109139-5,2894394,P,51.99607000,13.07979000,EUROPE,Germany,WCE
Klima-Szenarien,Klima-Szenarien,LOC,-1.05263158,0.00000000,de,1.90000000,,0,,,,,,
Pollenstaub,Pollenstaub,LOC,0.00000000,0.00000000,de,1.90000000,,0,,,,,,
Bad Bergzabern,Bad Bergzabern,LOC,0.52631579,0.00000000,de,1.90000000,4087278-6,2953549,P,49.10245000,8.00092000,EUROPE,Germany,WCE
Landkreis Görlitz,Landkreis Görlitz,LOC,0.00000000,0.00000000,de,1.90000000,4021441-2,2918987,P,51.15518000,14.98853000,EUROPE,Germany,WCE
Grundwasser,Grundwasser,LOC,0.00000000,0.00000000,de,1.90000000,,0,,,,,,
Retzer Land,Retzer Land,LOC,0.00000000,0.00000000,de,1.90000000,,0,,,,,,
Abpflastern,Abpflastern,LOC,0.00000000,0.00000000,de,1.90000000,,0,,,,,,
Triestingtal,Triestingtal,LOC,0.00000000,0.00000000,de,1.90000000,,0,,,,,,
Feldkirch,Feldkirch,LOC,0.52631579,0.00000000,de,1.90000000,4016680-6,2779674,P,47.23306000,9.60000000,EUROPE,Austria,WCE
bayerischen Alpen,bayerischen Alpen,LOC,0.00000000,0.00000000,de,1.90000000,,0,,,,,,
klimabedin…,klimabedin…,LOC,-0.73684211,0.00000000,de,1.90000000,,0,,,,,,
Österreicher,Österreicher,LOC,0.52631579,0.00000000,de,1.90000000,,2765976,T,47.60000000,11.86667000,EUROPE,Germany,WCE
Bali,Bali,LOC,0.00000000,0.00000000,de,1.90000000,4004327-7,1650534,T,-8.33333000,115.00000000,ASIA,Indonesia,SEA
Hambacher Wald,Hambacher Wald,LOC,0.00000000,0.00000000,de,1.90000000,,0,,,,,,
Warnstufe,Warnstufe,LOC,0.00000000,0.00000000,de,1.90000000,,0,,,,,,
Klimawandel-Migranten,Klimawandel-Migranten,LOC,0.00000000,0.00000000,de,1.90000000,,0,,,,,,
Forscherkreisen,Forscherkreisen,LOC,0.52631579,0.52631579,de,1.90000000,,0,,,,,,
Lakeside-Park,Lakeside-Park,LOC,0.00000000,0.00000000,de,1.90000000,,4297318,P,39.03562000,-84.56911000,NORTH-AMERICA,United States,ENA
Terrassentür,Terrassentür,LOC,0.73684211,0.00000000,de,1.90000000,,0,,,,,,
Schöpfwerke,Schöpfwerke,LOC,-0.18421053,0.78947368,de,1.90000000,,0,,,,,,
Deiche,Deiche,LOC,-0.18421053,0.78947368,de,1.90000000,,0,,,,,,
Gewitter,Gewitter,LOC,-0.89473684,0.00000000,de,1.90000000,,0,,,,,,
Marzahn-Hellersdorf,Marzahn-Hellersdorf,LOC,0.36842105,0.00000000,de,1.90000000,4371110-8,2906809,P,52.53319000,13.60880000,EUROPE,Germany,WCE
Rettungsstellen,Rettungsstellen,LOC,0.00000000,0.00000000,de,1.90000000,,0,,,,,,
zweitwärmste,zweitwärmste,LOC,0.00000000,0.00000000,de,1.90000000,,0,,,,,,
unterdurchsch…,unterdurchsch…,LOC,0.73684211,0.00000000,de,1.90000000,,0,,,,,,
Live-Ticker,Live-Ticker,LOC,0.00000000,0.00000000,de,1.90000000,,0,,,,,,
Debatten,Debatten,LOC,0.00000000,0.00000000,de,1.90000000,,0,,,,,,
Gesellschaft und Staat,Gesellschaft und Staat,LOC,0.00000000,0.00000000,de,1.90000000,,0,,,,,,
Münchner Sicherheitskonferenz,Münchner Sicherheitskonferenz,LOC,0.00000000,0.00000000,de,1.90000000,,0,,,,,,
Aschersleben,Aschersleben,LOC,1.05263158,0.00000000,de,1.90000000,4086015-2,2955168,P,51.75742000,11.46084000,EUROPE,Germany,WCE
Hall in Tirol,Hall in Tirol,LOC,0.36842105,0.52631579,de,1.90000000,4023019-3,2764958,P,47.28333000,11.51667000,EUROPE,Austria,WCE
Russland,Russland,LOC,0.00000000,0.00000000,de,1.90000000,4076899-5,2017370,A,60.00000000,100.00000000,ASIA,Russia,ESB
Verkehrschaos,Verkehrschaos,LOC,0.00000000,0.00000000,de,1.90000000,,0,,,,,,
Klimaschutz,Klimaschutz,LOC,0.00000000,0.00000000,de,1.90000000,,0,,,,,,
Klimaschutzes,Klimaschutzes,LOC,0.00000000,0.00000000,de,1.90000000,,0,,,,,,
Bad Dürrenberg,Bad Dürrenberg,LOC,0.00000000,0.00000000,de,1.90000000,4280272-6,2953521,P,51.29545000,12.06583000,EUROPE,Germany,WCE
Ventilatoren,Ventilatoren,LOC,0.00000000,0.00000000,de,1.90000000,,0,,,,,,
Roten Rathaus,Roten Rathaus,LOC,0.00000000,0.00000000,de,1.90000000,,0,,,,,,
Hitze-Modus,Hitze-Modus,LOC,0.00000000,0.00000000,de,1.90000000,,0,,,,,,
Union,Union,LOC,0.00000000,0.52631579,de,1.90000000,1383822557,3584767,A,13.55000000,-87.90000000,CENTRAL-AMERICA,El Salvador,SCA
KI-Ausbaus,KI-Ausbaus,LOC,0.00000000,0.00000000,de,1.90000000,,0,,,,,,
Beschlüssen,Beschlüssen,LOC,-0.73684211,0.00000000,de,1.90000000,,0,,,,,,
Johannes-Kepler-Platz,Johannes-Kepler-Platz,LOC,0.36842105,0.52631579,de,1.90000000,,0,,,,,,
Marokko,Marokko,LOC,0.00000000,0.00000000,de,1.90000000,4037680-1,2542007,A,28.50000000,-10.00000000,AFRICA,Morocco,SAH
Niederösterreichs,Niederösterreichs,LOC,0.36842105,0.00000000,de,1.90000000,,0,,,,,,
Leitha,Leitha,LOC,0.36842105,0.00000000,de,1.90000000,4509372-6,2770788,P,47.86558000,16.37856000,EUROPE,Austria,WCE
Sonnensegeln,Sonnensegeln,LOC,0.00000000,0.00000000,de,1.90000000,,0,,,,,,
b…,b…,LOC,0.00000000,0.00000000,de,1.90000000,,0,,,,,,
Abstrichen,Abstrichen,LOC,-0.73684211,0.00000000,de,1.90000000,,0,,,,,,
Eisdiele,Eisdiele,LOC,0.00000000,0.00000000,de,1.90000000,,0,,,,,,
Kopenhagen,Kopenhagen,LOC,-1.05263158,0.00000000,de,1.90000000,4032399-7,2618425,P,55.67594000,12.56553000,EUROPE,Denmark,NEU
Kärntner,Kärntner,LOC,0.00000000,0.52631579,de,1.90000000,,3217862,P,46.44913000,14.11135000,EUROPE,Slovenia,WCE
B,B,LOC,0.00000000,0.00000000,de,1.90000000,,3577757,S,18.44483000,-64.54297000,CENTRAL-AMERICA,British Virgin Islands,CAR
Müllberge,Müllberge,LOC,0.00000000,0.00000000,de,1.90000000,,0,,,,,,
Planschbecken,Planschbecken,LOC,0.00000000,0.00000000,de,1.90000000,,0,,,,,,
Energiewende,Energiewende,LOC,0.00000000,0.00000000,de,1.90000000,,0,,,,,,
Greenpeace-Aktivisten,Greenpeace-Aktivisten,LOC,1.05263158,0.00000000,de,1.90000000,,0,,,,,,
Regensburg,Regensburg,LOC,0.00000000,0.00000000,de,1.90000000,4048989-9,2849483,P,49.01513000,12.10161000,EUROPE,Germany,WCE
Wels,Wels,LOC,0.00000000,0.00000000,de,1.90000000,4107955-3,2761523,A,48.11660000,13.96637000,EUROPE,Austria,WCE
Wachwechsel,Wachwechsel,LOC,0.00000000,0.00000000,de,1.90000000,,0,,,,,,
Norwegen,Norwegen,LOC,0.00000000,0.00000000,de,1.90000000,4042640-3,3144096,A,62.00000000,10.00000000,EUROPE,Norway,NEU
Seefeld,Seefeld,LOC,0.00000000,1.05263158,de,1.90000000,4054109-5,2765278,P,47.33016000,11.18786000,EUROPE,Austria,WCE
Warnstufe Rot,Warnstufe Rot,LOC,0.00000000,1.05263158,de,1.90000000,,0,,,,,,
Wolfsberg,Wolfsberg,LOC,0.00000000,0.00000000,de,1.90000000,1201424321,2760908,A,46.83333000,14.83333000,EUROPE,Austria,WCE
Mühlviertel,Mühlviertel,LOC,-0.52631579,0.00000000,de,1.90000000,4240886-6,2769160,P,48.61736000,13.89513000,EUROPE,Austria,WCE
Zwettl,Zwettl,LOC,-0.52631579,0.00000000,de,1.90000000,,2760421,A,48.57435000,15.17159000,EUROPE,Austria,WCE
Baden-Württembergs,Baden-Württembergs,LOC,-0.36842105,0.00000000,de,1.90000000,,0,,,,,,
Lüneburger Heide,Lüneburger Heide,LOC,0.00000000,0.00000000,de,1.90000000,4036519-0,2875111,L,53.00000000,10.08333000,EUROPE,Germany,WCE
Westaustralien,Westaustralien,LOC,0.52631579,0.00000000,de,1.90000000,4232458-0,2063523,P,-31.95224000,115.86140000,OCEANIA,Australia,SAU
Hauptstadt,Hauptstadt,LOC,0.00000000,0.00000000,de,1.90000000,4076310-9,3067696,P,50.08804000,14.42076000,EUROPE,Czechia,WCE
Staat,Staat,LOC,0.00000000,0.00000000,de,1.90000000,,6691831,P,41.90268000,12.45414000,EUROPE-AFRICA,Vatican,MED
Oberpfalz,Oberpfalz,LOC,-0.36842105,0.00000000,de,1.90000000,4041837-6,2864549,P,49.28028000,11.46278000,EUROPE,Germany,WCE
Athens,Athens,LOC,-1.05263158,0.00000000,de,1.90000000,4003366-1,264371,P,37.98376000,23.72784000,EUROPE-AFRICA,Greece,MED
Rot,Rot,LOC,0.00000000,0.00000000,de,1.90000000,,2681427,P,61.25000000,14.03333000,EUROPE,Sweden,NEU
Southside,Southside,LOC,0.00000000,0.00000000,de,1.90000000,,9252031,A,18.32069000,-64.89762000,CENTRAL-AMERICA,U.S. Virgin Islands,CAR
Iberischen Halbinsel,Iberischen Halbinsel,LOC,0.36842105,0.00000000,de,1.90000000,,0,,,,,,
Venedig,Venedig,LOC,0.00000000,0.00000000,de,1.90000000,4062501-1,3164603,P,45.43713000,12.33265000,EUROPE,Italy,WCE
ZEIT-Podcast,ZEIT-Podcast,LOC,0.52631579,0.52631579,de,1.90000000,,0,,,,,,
Präfektur Iwate,Präfektur Iwate,LOC,0.00000000,0.00000000,de,1.90000000,4323908-0,2111834,P,39.70000000,141.15000000,ASIA,Japan,EAS
Unser Land,Unser Land,LOC,-0.46052632,0.00000000,de,1.90000000,,12501015,S,48.57447000,13.46566000,EUROPE,Germany,WCE
Bretagne,Bretagne,LOC,-0.26315789,0.00000000,de,1.90000000,4008220-9,3030293,A,48.16667000,-2.83333000,EUROPE,France,WCE
Erle,Erle,LOC,0.00000000,0.00000000,de,1.90000000,,5949271,L,45.70197000,-71.60018000,NORTH-AMERICA,Canada,ENA
Zeiten</li><li,Zeiten</li><li,LOC,1.05263158,0.00000000,de,1.90000000,,0,,,,,,
Elbe-Elster,Elbe-Elster,LOC,0.00000000,0.00000000,de,1.90000000,4115252-9,2868531,P,51.43453000,13.22177000,EUROPE,Germany,WCE
Birke,Birke,LOC,0.00000000,0.00000000,de,1.90000000,1053446047,276512,T,33.16583000,35.38472000,EUROPE-AFRICA,Lebanon,MED
Hauptredner,Hauptredner,LOC,0.00000000,0.00000000,de,1.90000000,,0,,,,,,
Märkisch-Oderland,Märkisch-Oderland,LOC,0.00000000,0.00000000,de,1.90000000,4245400-1,2826082,P,52.57859000,13.88741000,EUROPE,Germany,WCE
Wahlvolk,Wahlvolk,LOC,0.00000000,0.00000000,de,1.90000000,,0,,,,,,
Neu Delhi,Neu Delhi,LOC,-0.36842105,0.00000000,de,1.90000000,,1261481,P,28.62137000,77.21480000,ASIA,India,SAS
Brockenbahn,Brockenbahn,LOC,0.00000000,0.00000000,de,1.90000000,,0,,,,,,
Steyr,Steyr,LOC,0.00000000,0.00000000,de,1.90000000,4057496-9,2764359,P,48.04274000,14.42127000,EUROPE,Austria,WCE
Rocky Mountains,Rocky Mountains,LOC,1.05263158,0.00000000,de,1.90000000,4050243-0,5836950,T,43.35826000,-110.91743000,NORTH-AMERICA,United States,WNA
Urlauber,Urlauber,LOC,0.00000000,0.00000000,de,1.90000000,,0,,,,,,
Katastrophenszenario,Katastrophenszenario,LOC,-1.05263158,0.00000000,de,1.90000000,,0,,,,,,
Dieselloks,Dieselloks,LOC,0.00000000,0.00000000,de,1.90000000,,0,,,,,,
Jülich,Jülich,LOC,0.00000000,0.00000000,de,1.90000000,4028835-3,2894553,P,50.92149000,6.36267000,EUROPE,Germany,WCE
Bundeslandes,Bundeslandes,LOC,0.00000000,0.00000000,de,1.90000000,,0,,,,,,
Allzeit-Höchstwerte,Allzeit-Höchstwerte,LOC,0.00000000,0.00000000,de,1.90000000,,0,,,,,,
Südhälfte Deutschlands,Südhälfte Deutschlands,LOC,0.00000000,0.00000000,de,1.90000000,,0,,,,,,
Temperaturen</li><li,Temperaturen</li><li,LOC,0.00000000,0.52631579,de,1.90000000,,0,,,,,,
Sonnenschein,Sonnenschein,LOC,0.00000000,0.00000000,de,1.90000000,,2831137,T,54.08202000,10.75910000,EUROPE,Germany,NEU
Löhne,Löhne,LOC,0.00000000,0.00000000,de,1.90000000,4036142-1,2876187,P,52.18848000,8.69220000,EUROPE,Germany,WCE
Polarkreis,Polarkreis,LOC,0.44736842,0.00000000,de,1.90000000,,0,,,,,,
Klimawa…,Klimawa…,LOC,-0.36842105,0.00000000,de,1.90000000,,0,,,,,,
Polizei-Schmuggler,Polizei-Schmuggler,LOC,1.05263158,0.00000000,de,1.90000000,,0,,,,,,
Zufluchtsorten vor der Hitze,Zufluchtsorten vor der Hitze,LOC,0.00000000,0.00000000,de,1.90000000,,0,,,,,,
län…,län…,LOC,0.00000000,0.00000000,de,1.90000000,,0,,,,,,
Columbiabad,Columbiabad,LOC,0.15789474,0.00000000,de,1.90000000,,0,,,,,,
Bezirk Friedrichshain-Kreuzberg,Bezirk Friedrichshain-Kreuzberg,LOC,-0.15789474,0.00000000,de,1.90000000,1362007056,2884161,P,52.49973000,13.40338000,EUROPE,Germany,WCE
Baustellen,Baustellen,LOC,0.00000000,0.00000000,de,1.90000000,,13550925,V,53.55051000,10.40263000,EUROPE,Germany,NEU
Hitze-Einsätze,Hitze-Einsätze,LOC,0.00000000,1.05263158,de,1.90000000,,0,,,,,,
Stadt Dresden,Stadt Dresden,LOC,0.00000000,0.00000000,de,1.90000000,4012995-0,2935022,P,51.05089000,13.73832000,EUROPE,Germany,WCE
lnw,lnw,LOC,0.00000000,0.00000000,de,1.90000000,,6953040,S,52.10500000,-3.63200000,EUROPE,United Kingdom,NEU
Rheins,Rheins,LOC,0.00000000,0.00000000,de,1.90000000,,0,,,,,,
Erfurt,Erfurt,LOC,0.00000000,0.00000000,de,1.90000000,4015240-6,2929670,P,50.97734000,11.03536000,EUROPE,Germany,WCE
Werdohl,Werdohl,LOC,0.00000000,0.00000000,de,1.90000000,4119057-9,2810919,P,51.26011000,7.76608000,EUROPE,Germany,WCE
Kampagne,Kampagne,LOC,0.00000000,0.00000000,de,1.90000000,,0,,,,,,
Kulturerbe-Sektor,Kulturerbe-Sektor,LOC,0.00000000,0.00000000,de,1.90000000,,0,,,,,,
Stadtrates,Stadtrates,LOC,-0.36842105,0.00000000,de,1.90000000,,0,,,,,,
Dellbrück,Dellbrück,LOC,0.00000000,0.00000000,de,1.90000000,4098628-7,2886239,S,50.98155000,7.07016000,EUROPE,Germany,WCE
Oberspreewald-Lausitz,Oberspreewald-Lausitz,LOC,0.00000000,0.00000000,de,1.90000000,4054535-0,2833073,P,51.52517000,14.00164000,EUROPE,Germany,WCE
Niederlanden,Niederlanden,LOC,0.36842105,0.00000000,de,1.90000000,,0,,,,,,
Kraftwerke,Kraftwerke,LOC,0.00000000,0.00000000,de,1.90000000,,0,,,,,,
Unterfranken,Unterfranken,LOC,-0.36842105,0.00000000,de,1.90000000,4061905-9,2822571,P,50.20097000,10.31906000,EUROPE,Germany,WCE
Trabrennbahn Mariendorf,Trabrennbahn Mariendorf,LOC,-1.05263158,0.00000000,de,1.90000000,,0,,,,,,
Pankow,Pankow,LOC,-0.15789474,0.00000000,de,1.90000000,4298424-5,2855598,P,52.56926000,13.40186000,EUROPE,Germany,WCE
Hüllhorst,Hüllhorst,LOC,0.00000000,0.00000000,de,1.90000000,4278227-2,2897844,P,52.27500000,8.66900000,EUROPE,Germany,WCE
Prognosen,Prognosen,LOC,-0.15789474,0.00000000,de,1.90000000,,0,,,,,,
Vereinigten Königreich,Vereinigten Königreich,LOC,-0.52631579,0.00000000,de,1.90000000,,0,,,,,,
Bächen,Bächen,LOC,0.00000000,0.00000000,de,1.90000000,7761177-9,11584770,P,47.15998000,8.80579000,EUROPE,Switzerland,WCE
Brände,Brände,LOC,0.00000000,0.00000000,de,1.90000000,,606469,P,64.33333000,20.98333000,EUROPE,Sweden,NEU
MV,MV,LOC,0.36842105,0.00000000,de,1.90000000,4003217-6,6255147,L,29.84064000,89.29688000,ASIA,China,TIB
Landtag von Sachsen-Anhalt,Landtag von Sachsen-Anhalt,LOC,-1.05263158,0.00000000,de,1.90000000,,0,,,,,,
Stadt am Meer,Stadt am Meer,LOC,0.00000000,0.00000000,de,1.90000000,,8693287,T,50.60717000,7.29690000,EUROPE,Germany,WCE
Bad Oeynhausen,Bad Oeynhausen,LOC,0.00000000,0.00000000,de,1.90000000,4043346-8,2953386,P,52.20699000,8.80365000,EUROPE,Germany,WCE
Phänomens,Phänomens,LOC,0.00000000,0.00000000,de,1.90000000,,0,,,,,,
mainaufwärts,mainaufwärts,LOC,0.00000000,0.00000000,de,1.90000000,,0,,,,,,
Hille,Hille,LOC,0.00000000,0.00000000,de,1.90000000,4804126-9,99347,P,32.46367000,44.41963000,ASIA,Iraq,WCA
Risiken,Risiken,LOC,-0.73684211,0.00000000,de,1.90000000,,0,,,,,,
Küstengewässer,Küstengewässer,LOC,0.00000000,0.00000000,de,1.90000000,,0,,,,,,
Ausnahmefällen,Ausnahmefällen,LOC,0.52631579,0.00000000,de,1.90000000,,0,,,,,,
Saarbrücken-Burbach,Saarbrücken-Burbach,LOC,-0.36842105,0.00000000,de,1.90000000,5347773-X,2874035,P,49.24801000,6.95984000,EUROPE,Germany,WCE
E5,E5,LOC,0.73684211,0.00000000,de,1.90000000,,862949,A,41.23333000,22.70000000,EUROPE-AFRICA,North Macedonia,MED
Schafzuchtverband,Schafzuchtverband,LOC,0.00000000,0.00000000,de,1.90000000,,0,,,,,,
Schafzuchtverband Berlin-Brandenburg,Schafzuchtverband Berlin-Brandenburg,LOC,0.00000000,0.00000000,de,1.90000000,,0,,,,,,
Sommertagen,Sommertagen,LOC,0.89473684,0.00000000,de,1.90000000,,0,,,,,,
Landes hochsommerliche Temperaturen,Landes hochsommerliche Temperaturen,LOC,0.36842105,0.52631579,de,1.90000000,,0,,,,,,
Coschen,Coschen,LOC,0.00000000,0.00000000,de,1.90000000,,2939839,P,52.02007000,14.71859000,EUROPE,Germany,WCE
Nord-,Nord-,LOC,0.29824561,0.17543860,de,1.90000000,,12089031,L,45.41224000,11.54639000,EUROPE,Italy,WCE
Wasserstand,Wasserstand,LOC,0.00000000,0.00000000,de,1.90000000,,0,,,,,,
Feldern,Feldern,LOC,0.00000000,0.00000000,de,1.90000000,,2779676,S,47.38333000,11.00000000,EUROPE,Austria,WCE
Temperaturrekord für Brandenburg,Temperaturrekord für Brandenburg,LOC,0.00000000,0.00000000,de,1.90000000,,0,,,,,,
Ahrtal,Ahrtal,LOC,0.00000000,1.05263158,de,1.90000000,4084812-7,12470173,T,50.53330000,7.06670000,EUROPE,Germany,WCE
Küsten,Küsten,LOC,-1.05263158,0.00000000,de,1.90000000,4632556-6,2882243,P,52.97779000,11.06240000,EUROPE,Germany,WCE
Berlin-Buch,Berlin-Buch,LOC,0.00000000,0.00000000,de,1.90000000,4396562-3,2942827,P,52.63470000,13.49679000,EUROPE,Germany,WCE
Grönlands,Grönlands,LOC,0.30263158,0.26315789,de,1.90000000,,0,,,,,,
Spanier,Spanier,LOC,0.00000000,0.00000000,de,1.90000000,,12500605,S,48.21472000,16.35277000,EUROPE,Austria,WCE
Sommerurlaub,Sommerurlaub,LOC,0.73684211,0.00000000,de,1.90000000,,0,,,,,,
Liechtenstein,Liechtenstein,LOC,0.73684211,0.00000000,de,1.90000000,4035665-6,3042058,A,47.16667000,9.53333000,EUROPE,Liechtenstein,WCE
Altstadt,Altstadt,LOC,0.00000000,0.52631579,de,1.90000000,,11669492,P,53.55018000,9.94653000,EUROPE,Germany,NEU
Pöggstall,Pöggstall,LOC,0.14035088,0.00000000,de,1.90000000,4513929-5,7871824,A,48.31599000,15.18362000,EUROPE,Austria,WCE
Marseille,Marseille,LOC,-0.36842105,0.00000000,de,1.90000000,4037694-1,2995469,P,43.29695000,5.38107000,EUROPE-AFRICA,France,MED
Waghäusel-Kirrlach,Waghäusel-Kirrlach,LOC,0.00000000,0.00000000,de,1.90000000,4098454-0,2890280,P,49.24421000,8.54664000,EUROPE,Germany,WCE
Bezirk Melk,Bezirk Melk,LOC,-0.22807018,0.00000000,de,1.90000000,4038547-4,2771682,P,48.22737000,15.33186000,EUROPE,Austria,WCE
Nächten,Nächten,LOC,0.52631579,0.00000000,de,1.90000000,,0,,,,,,
Bundes-Sondervermögen,Bundes-Sondervermögen,LOC,0.00000000,0.00000000,de,1.90000000,,0,,,,,,
Stadt Halle,Stadt Halle,LOC,0.00000000,0.00000000,de,1.90000000,4023027-2,2911522,P,51.48158000,11.97947000,EUROPE,Germany,WCE
Kreis Karlsruhe,Kreis Karlsruhe,LOC,0.00000000,0.00000000,de,1.90000000,4008388-3,2943560,P,49.12426000,8.59804000,EUROPE,Germany,WCE
Büro,Büro,LOC,0.00000000,0.00000000,de,1.90000000,,0,,,,,,
Hitze Waldbrände,Hitze Waldbrände,LOC,-1.05263158,0.00000000,de,1.90000000,,0,,,,,,
Küste,Küste,LOC,0.00000000,0.00000000,de,1.90000000,4014426-4,2287781,A,8.00000000,-5.50000000,AFRICA,Ivory Coast,WAF
nan,nan,LOC,0.00000000,0.00000000,de,1.90000000,,1608452,P,18.78378000,100.77899000,ASIA,Thailand,SEA
Tourismuszahlen,Tourismuszahlen,LOC,0.00000000,0.00000000,de,1.90000000,,0,,,,,,
Endkunden,Endkunden,LOC,-1.05263158,0.00000000,de,1.90000000,,0,,,,,,
Traisen,Traisen,LOC,0.00000000,0.00000000,de,1.90000000,4060596-6,2770396,P,48.35294000,15.69620000,EUROPE,Austria,WCE
Warsaw,Warsaw,LOC,-0.73684211,0.00000000,de,1.90000000,4079048-4,756135,P,52.22977000,21.01178000,EUROPE,Poland,WCE
Abgeordnetenhaus,Abgeordnetenhaus,LOC,-1.05263158,0.00000000,de,1.90000000,,0,,,,,,
Haus zu Haus,Haus zu Haus,LOC,0.00000000,0.00000000,de,1.90000000,,10375725,S,52.51813000,13.39141000,EUROPE,Germany,WCE
Unglücke,Unglücke,LOC,1.05263158,0.00000000,de,1.90000000,,0,,,,,,
Löwenzahn,Löwenzahn,LOC,0.00000000,0.00000000,de,1.90000000,,0,,,,,,
Zentrum von,Zentrum von,LOC,1.05263158,0.00000000,de,1.90000000,,0,,,,,,
Zentrum von Chile,Zentrum von Chile,LOC,0.00000000,0.00000000,de,1.90000000,,0,,,,,,
Zypern,Zypern,LOC,0.00000000,0.00000000,de,1.90000000,4241756-9,146669,A,35.00000000,33.00000000,EUROPE-AFRICA,Cyprus,MED
Naturkatastrophen,Naturkatastrophen,LOC,0.00000000,0.00000000,de,1.90000000,,0,,,,,,
Malaysia,Malaysia,LOC,0.36842105,0.00000000,de,1.90000000,4037203-0,1733045,A,2.50000000,112.50000000,ASIA,Malaysia,SEA
Gibraltar,Gibraltar,LOC,0.00000000,0.00000000,de,1.90000000,4020965-9,2411585,P,36.14474000,-5.35257000,EUROPE-AFRICA,Gibraltar,MED
Farne,Farne,LOC,0.00000000,0.00000000,de,1.90000000,,2649663,T,55.63570000,-1.61336000,EUROPE,United Kingdom,NEU
Klimawandels,Klimawandels,LOC,0.00000000,0.00000000,de,1.90000000,,0,,,,,,
Mittelmeers,Mittelmeers,LOC,0.00000000,0.00000000,de,1.90000000,,0,,,,,,
Münsteraner,Münsteraner,LOC,-0.36842105,0.00000000,de,1.90000000,,0,,,,,,
Konsequenzen,Konsequenzen,LOC,-0.36842105,0.52631579,de,1.90000000,,0,,,,,,
Online-Angebot,Online-Angebot,LOC,-0.73684211,0.00000000,de,1.90000000,,0,,,,,,
Dschungelcamp-Staffel,Dschungelcamp-Staffel,LOC,0.00000000,0.00000000,de,1.90000000,,0,,,,,,
Extremwetter,Extremwetter,LOC,-0.36842105,0.00000000,de,1.90000000,,0,,,,,,
Trasimeno-See,Trasimeno-See,LOC,0.00000000,0.00000000,de,1.90000000,,3165310,H,43.13333000,12.10000000,EUROPE-AFRICA,Italy,MED
Poland,Poland,LOC,-0.73684211,0.00000000,de,1.90000000,4046496-9,798544,A,52.00000000,20.00000000,EUROPE,Poland,WCE
Umbrien,Umbrien,LOC,0.00000000,0.00000000,de,1.90000000,4061581-9,3165048,A,43.00000000,12.50000000,EUROPE-AFRICA,Italy,MED
Westdeutschland,Westdeutschland,LOC,0.00000000,0.00000000,de,1.90000000,,0,,,,,,
Ahr,Ahr,LOC,0.00000000,0.00000000,de,1.90000000,4000816-2,13357,H,38.54761000,47.51404000,ASIA,Iran,WCA
Linz,Linz,LOC,0.00000000,0.00000000,de,1.90000000,4074255-6,2772400,P,48.30639000,14.28611000,EUROPE,Austria,WCE
Jahrzehnts,Jahrzehnts,LOC,-1.05263158,0.00000000,de,1.90000000,,0,,,,,,
Bad Muskau,Bad Muskau,LOC,0.00000000,0.00000000,de,1.90000000,4040893-0,2953397,P,51.55051000,14.71240000,EUROPE,Germany,WCE
Landkreis Bautzen,Landkreis Bautzen,LOC,0.73684211,0.00000000,de,1.90000000,10034264-4,2951881,P,51.18035000,14.43494000,EUROPE,Germany,WCE
Landes zu w…,Landes zu w…,LOC,0.00000000,1.05263158,de,1.90000000,,0,,,,,,
Universität Graz,Universität Graz,LOC,0.36842105,0.00000000,de,1.90000000,,6697819,S,47.06865000,15.45006000,EUROPE,Austria,WCE
Hüttau,Hüttau,LOC,0.00000000,0.00000000,de,1.90000000,4527800-3,2775375,P,47.41610000,13.30775000,EUROPE,Austria,WCE
Konsens,Konsens,LOC,0.15789474,0.00000000,de,1.90000000,,0,,,,,,
Landesforstanstalt,Landesforstanstalt,LOC,0.00000000,0.00000000,de,1.90000000,,0,,,,,,
Landkreis Oder-Spree,Landkreis Oder-Spree,LOC,-0.36842105,0.00000000,de,1.90000000,4093397-0,2923588,P,52.36067000,14.06185000,EUROPE,Germany,WCE
Schulbüchern,Schulbüchern,LOC,0.00000000,0.00000000,de,1.90000000,,0,,,,,,
si…,si…,LOC,0.00000000,0.00000000,de,1.90000000,,0,,,,,,
Schlagzeilen,Schlagzeilen,LOC,0.00000000,0.00000000,de,1.90000000,,0,,,,,,
Mittagsstunden,Mittagsstunden,LOC,0.00000000,0.00000000,de,1.90000000,,0,,,,,,
Jugendzeltlager,Jugendzeltlager,LOC,0.36842105,0.00000000,de,1.90000000,,0,,,,,,
Wasserreserven,Wasserreserven,LOC,0.00000000,0.00000000,de,1.90000000,,0,,,,,,
Italiener,Italiener,LOC,-0.36842105,0.00000000,de,1.90000000,,12216629,R,46.60614000,13.84133000,EUROPE,Austria,WCE
Asien,Asien,LOC,0.00000000,0.00000000,de,1.90000000,4003217-6,6255147,L,29.84064000,89.29688000,ASIA,China,TIB
Extremfall,Extremfall,LOC,0.18421053,0.26315789,de,1.90000000,,0,,,,,,
Schwimmbäder,Schwimmbäder,LOC,0.00000000,0.00000000,de,1.90000000,,0,,,,,,
Talanx,Talanx,LOC,-0.52631579,0.52631579,de,1.90000000,,0,,,,,,
Kubschütz,Kubschütz,LOC,0.73684211,0.00000000,de,1.90000000,7608512-0,2883170,P,51.16667000,14.50000000,EUROPE,Germany,WCE
HDI,HDI,LOC,-0.52631579,0.52631579,de,1.90000000,,11376561,L,24.45144000,68.86069000,ASIA,Pakistan,SAS
US-Bundesstaaten,US-Bundesstaaten,LOC,-0.52631579,0.00000000,de,1.90000000,,0,,,,,,
Wassernotstand,Wassernotstand,LOC,0.00000000,0.00000000,de,1.90000000,,0,,,,,,
Rekordzahlen,Rekordzahlen,LOC,0.00000000,0.00000000,de,1.90000000,,0,,,,,,
Grundwasservorkommen,Grundwasservorkommen,LOC,0.00000000,0.00000000,de,1.90000000,,0,,,,,,
Amerikaner,Amerikaner,LOC,-0.44736842,0.00000000,de,1.90000000,,0,,,,,,
UKB,UKB,LOC,0.36842105,0.52631579,de,1.90000000,,6698195,S,34.63667000,135.22788000,ASIA,Japan,EAS
Hitzevorsorge,Hitzevorsorge,LOC,0.00000000,0.00000000,de,1.90000000,,0,,,,,,
UNHCR-Chef,UNHCR-Chef,LOC,0.00000000,0.00000000,de,1.90000000,,0,,,,,,
Hektar Land,Hektar Land,LOC,-0.36842105,0.00000000,de,1.90000000,,0,,,,,,
Narbonne,Narbonne,LOC,0.00000000,0.00000000,de,1.90000000,4117775-7,2990919,P,43.18396000,3.00141000,EUROPE-AFRICA,France,MED
Autobahn 8,Autobahn 8,LOC,0.00000000,0.00000000,de,1.90000000,,0,,,,,,
Brandnotstand,Brandnotstand,LOC,-1.05263158,0.00000000,de,1.90000000,,0,,,,,,
Klim…,Klim…,LOC,0.52631579,0.00000000,de,1.90000000,,0,,,,,,
Dürre,Dürre,LOC,0.00000000,0.00000000,de,1.90000000,,2934402,T,50.63333000,13.30000000,EUROPE,Germany,WCE
Elektroautos,Elektroautos,LOC,0.52631579,0.00000000,de,1.90000000,,0,,,,,,
Ost-,Ost-,LOC,0.00000000,0.00000000,de,1.90000000,,400741,A,0.00000000,38.00000000,AFRICA,Kenya,SEAF
Verkehrswende,Verkehrswende,LOC,0.36842105,0.00000000,de,1.90000000,,0,,,,,,
Elbe,Elbe,LOC,-0.77777778,0.00000000,de,1.80000000,4115252-9,2868531,P,51.43453000,13.22177000,EUROPE,Germany,WCE
Hitze-Uhr,Hitze-Uhr,LOC,0.38888889,0.00000000,de,1.80000000,,0,,,,,,
Thailand,Thailand,LOC,-0.58333333,0.27777778,de,1.80000000,4078228-1,1605651,A,15.50000000,101.00000000,ASIA,Thailand,SEA
Treptow-Köpenick,Treptow-Köpenick,LOC,0.77777778,0.00000000,de,1.80000000,4737316-7,2885656,P,52.44550000,13.57455000,EUROPE,Germany,WCE
Hitzewochenende,Hitzewochenende,LOC,0.00000000,0.00000000,de,1.80000000,,0,,,,,,
Dehydrierung,Dehydrierung,LOC,0.19444444,0.27777778,de,1.80000000,,0,,,,,,
Oberfranken,Oberfranken,LOC,0.55555556,0.00000000,de,1.80000000,4049080-4,2849446,P,50.24921000,12.03422000,EUROPE,Germany,WCE
Raumes Wels/Linz,Raumes Wels/Linz,LOC,0.00000000,0.00000000,de,1.80000000,,0,,,,,,
Verkehrsministerium,Verkehrsministerium,LOC,0.00000000,0.55555556,de,1.80000000,,0,,,,,,
Jahr Rekorde,Jahr Rekorde,LOC,0.00000000,0.00000000,de,1.80000000,,0,,,,,,
Stadt Köln,Stadt Köln,LOC,0.25000000,0.13888889,de,1.80000000,4031483-2,2886242,P,50.93333000,6.95000000,EUROPE,Germany,WCE
Klitzschen bei Torgau,Klitzschen bei Torgau,LOC,0.00000000,0.00000000,de,1.80000000,,0,,,,,,
Mond,Mond,LOC,-0.77777778,0.00000000,de,1.80000000,1085673251,293354,P,32.24995000,34.91737000,EUROPE-AFRICA,Israel,MED
Villach,Villach,LOC,0.00000000,0.00000000,de,1.80000000,4063533-8,2762372,P,46.61028000,13.85583000,EUROPE,Austria,WCE
Landesteilen,Landesteilen,LOC,-0.38888889,0.00000000,de,1.80000000,,0,,,,,,
Kraft,Kraft,LOC,0.00000000,0.00000000,de,1.80000000,,5159995,P,40.64590000,-80.59785000,NORTH-AMERICA,United States,ENA
Magazinen,Magazinen,LOC,0.55555556,0.00000000,de,1.80000000,,0,,,,,,
Hitzschlag,Hitzschlag,LOC,-0.55555556,0.00000000,de,1.80000000,,0,,,,,,
Palais Chotek,Palais Chotek,LOC,-0.38888889,0.00000000,de,1.80000000,,0,,,,,,
Ostern,Ostern,LOC,0.77777778,0.00000000,de,1.80000000,,9384547,T,60.55284000,12.19628000,EUROPE,Norway,NEU
Eiskeller,Eiskeller,LOC,-0.77777778,0.00000000,de,1.80000000,,2931416,T,53.43333000,13.93333000,EUROPE,Germany,WCE
Café Sophie,Café Sophie,LOC,-0.38888889,0.00000000,de,1.80000000,,0,,,,,,
Podcasts,Podcasts,LOC,0.55555556,0.00000000,de,1.80000000,,0,,,,,,
Sturmböen,Sturmböen,LOC,-0.55555556,0.00000000,de,1.80000000,,0,,,,,,
Straßenmeistereien,Straßenmeistereien,LOC,0.00000000,0.55555556,de,1.80000000,,0,,,,,,
Klagenfurt,Klagenfurt,LOC,0.00000000,0.00000000,de,1.80000000,1023732653,2774326,P,46.62472000,14.30528000,EUROPE,Austria,WCE
Spielberg,Spielberg,LOC,-0.16666667,0.00000000,de,1.80000000,7500318-1,2764812,P,47.21667000,14.78333000,EUROPE,Austria,WCE
Hitzeschäden,Hitzeschäden,LOC,0.38888889,0.00000000,de,1.80000000,,0,,,,,,
Rettungsdienste,Rettungsdienste,LOC,0.25000000,0.13888889,de,1.80000000,,0,,,,,,
Indonesien,Indonesien,LOC,-0.90277778,0.55555556,de,1.80000000,4026761-1,1643084,A,-5.00000000,120.00000000,ASIA,Indonesia,SEA
Stadt Wien,Stadt Wien,LOC,0.38888889,0.00000000,de,1.80000000,4066009-6,2761369,P,48.20849000,16.37208000,EUROPE,Austria,WCE
Backöfen,Backöfen,LOC,0.94444444,0.00000000,de,1.80000000,,0,,,,,,
Krumbach,Krumbach,LOC,0.00000000,0.00000000,de,1.80000000,4098733-4,2883410,P,48.24182000,10.36320000,EUROPE,Germany,WCE
Juni-Hitze,Juni-Hitze,LOC,0.00000000,0.00000000,de,1.80000000,,0,,,,,,
Görlitz,Görlitz,LOC,0.00000000,0.00000000,de,1.80000000,4021441-2,2918987,P,51.15518000,14.98853000,EUROPE,Germany,WCE
Uniklinikum Gießen,Uniklinikum Gießen,LOC,-0.19444444,0.83333333,de,1.80000000,,0,,,,,,
Marburg,Marburg,LOC,-0.19444444,0.83333333,de,1.80000000,4037446-4,2873759,P,50.80904000,8.77069000,EUROPE,Germany,WCE
hochsommerlich,hochsommerlich,LOC,0.77777778,0.00000000,de,1.80000000,,0,,,,,,
Ott,Ott,LOC,0.77777778,0.00000000,de,1.80000000,,3371139,U,-39.61667000,13.50000000,SOUTHERN,,SOO
Turniersaison,Turniersaison,LOC,-0.38888889,0.00000000,de,1.80000000,,0,,,,,,
Milliardenpaket,Milliardenpaket,LOC,0.00000000,0.00000000,de,1.80000000,,0,,,,,,
Münchens,Münchens,LOC,0.00000000,0.00000000,de,1.80000000,,6544563,S,48.14912000,11.56729000,EUROPE,Germany,WCE
Wegner,Wegner,LOC,0.00000000,0.00000000,de,1.80000000,,5407707,H,37.84145000,-119.53668000,NORTH-AMERICA,United States,WNA
Balkon,Balkon,LOC,-0.55555556,0.00000000,de,1.80000000,,579412,T,68.10194000,37.20917000,EUROPE,Russia,NEU
Klimakrise,Klimakrise,LOC,0.38888889,0.55555556,de,1.80000000,,0,,,,,,
Hitze-Check Mittelmaß,Hitze-Check Mittelmaß,LOC,0.00000000,0.00000000,de,1.80000000,,0,,,,,,
Herausforderungen,Herausforderungen,LOC,0.00000000,0.00000000,de,1.80000000,,0,,,,,,
weiterlesenBis,weiterlesenBis,LOC,-0.38888889,0.00000000,de,1.80000000,,0,,,,,,
Magdeburg,Magdeburg,LOC,0.00000000,0.55555556,de,1.80000000,4036934-1,2874545,P,52.13129000,11.63189000,EUROPE,Germany,WCE
Urlaubsinsel,Urlaubsinsel,LOC,0.00000000,0.00000000,de,1.80000000,,0,,,,,,
Viereck,Viereck,LOC,-0.38888889,0.00000000,de,1.80000000,,6548481,A,53.55000000,14.05000000,EUROPE,Germany,WCE
F.A.Z.-Podcast Rhein-Main,F.A.Z.-Podcast Rhein-Main,LOC,0.77777778,0.00000000,de,1.80000000,,0,,,,,,
Kurswechsel,Kurswechsel,LOC,0.00000000,0.00000000,de,1.80000000,,0,,,,,,
Main,Main,LOC,0.00000000,0.00000000,de,1.80000000,4018118-2,2925533,P,50.11552000,8.68417000,EUROPE,Germany,WCE
Lausanne,Lausanne,LOC,0.00000000,0.00000000,de,1.80000000,4034750-3,2659994,P,46.51600000,6.63282000,EUROPE,Switzerland,WCE
Sonnenhut,Sonnenhut,LOC,0.00000000,0.00000000,de,1.80000000,,0,,,,,,
Sonntag,Sonntag,LOC,-0.55555556,0.55555556,de,1.80000000,,6625700,T,-84.91667000,-86.75000000,POLAR,Antarctica,EAN
Regenjacke,Regenjacke,LOC,0.00000000,0.00000000,de,1.80000000,,0,,,,,,
Hitzewoche,Hitzewoche,LOC,0.00000000,0.00000000,de,1.80000000,,0,,,,,,
Türkei,Türkei,LOC,-0.37037037,0.74074074,de,1.80000000,4061163-2,298795,A,39.00000000,35.00000000,EUROPE-AFRICA,Turkey,MED
TotalEnergies,TotalEnergies,LOC,-0.55555556,0.00000000,de,1.80000000,,0,,,,,,
Agrarbereich,Agrarbereich,LOC,0.00000000,0.00000000,de,1.70000000,,0,,,,,,
Chemieverbands,Chemieverbands,LOC,-0.87500000,0.00000000,de,1.60000000,,0,,,,,,
Texas,Texas,LOC,0.87500000,0.62500000,de,1.60000000,4059594-8,12217092,L,28.92040000,-98.57720000,CENTRAL-AMERICA,United States,NCA
Staatsmitteln,Staatsmitteln,LOC,0.00000000,0.00000000,de,1.60000000,,0,,,,,,
Park Babelsberg,Park Babelsberg,LOC,-0.62500000,0.00000000,de,1.60000000,,0,,,,,,
Rheingau,Rheingau,LOC,0.43750000,0.62500000,de,1.60000000,4049757-4,2847636,L,50.03552000,8.08212000,EUROPE,Germany,WCE
Bursa,Bursa,LOC,-0.47619048,0.95238095,de,1.40000000,4009173-9,750269,P,40.19559000,29.06013000,EUROPE-AFRICA,Turkey,MED
Anpassungen,Anpassungen,LOC,0.00000000,0.00000000,de,1.30000000,,0,,,,,,
Investitionsrückstand,Investitionsrückstand,LOC,0.53846154,0.00000000,de,1.30000000,,0,,,,,,
Lanz,Lanz,LOC,-0.58333333,0.00000000,de,1.20000000,7562774-7,6636657,T,-77.28333000,-86.28333000,POLAR,Antarctica,WAN
GERD,GERD,LOC,0.63636364,0.00000000,de,1.10000000,,6633787,T,-60.66600000,-45.75000000,SOUTHERN,Antarctica,SOO
Great Ethiopian Renaissance Dam,Great Ethiopian Renaissance Dam,LOC,0.63636364,0.00000000,de,1.10000000,,0,,,,,,
Ägypten,Ägypten,LOC,0.00000000,0.00000000,de,1.10000000,4000556-2,357994,A,27.00000000,30.00000000,AFRICA,Egypt,SAH
Völkermarkt,Völkermarkt,LOC,0.00000000,0.00000000,de,1.00000000,4108335-0,2762314,A,46.59641000,14.66664000,EUROPE,Austria,WCE
Nieder…,Nieder…,LOC,0.00000000,0.00000000,de,1.00000000,,0,,,,,,
Kärn…,Kärn…,LOC,0.00000000,0.00000000,de,1.00000000,,0,,,,,,
Hitze-Flucht,Hitze-Flucht,LOC,-0.70000000,0.00000000,de,1.00000000,,0,,,,,,
Freibad,Freibad,LOC,0.00000000,1.00000000,de,1.00000000,,7646795,L,53.46663000,9.04121000,EUROPE,Germany,NEU
Andau,Andau,LOC,0.00000000,0.00000000,de,1.00000000,4348997-7,2782552,P,47.77441000,17.03293000,EUROPE,Austria,WCE
Emittent,Emittent,LOC,0.00000000,0.00000000,de,1.00000000,,0,,,,,,
Bezirk Neusiedl am See,Bezirk Neusiedl am See,LOC,0.00000000,0.00000000,de,1.00000000,4802302-4,2770682,A,47.88853000,16.92465000,EUROPE,Austria,WCE
bel…,bel…,LOC,0.00000000,0.00000000,de,1.00000000,,0,,,,,,
Back Market,Back Market,LOC,0.70000000,0.00000000,de,1.00000000,,0,,,,,,
Gesundheitsvorsorge,Gesundheitsvorsorge,LOC,0.00000000,1.00000000,de,1.00000000,,0,,,,,,
Sommergenuss,Sommergenuss,LOC,0.00000000,1.00000000,de,1.00000000,,0,,,,,,
Panikmache</li><li,Panikmache</li><li,LOC,0.00000000,1.00000000,de,1.00000000,,0,,,,,,
Sandalen,Sandalen,LOC,0.00000000,1.00000000,de,1.00000000,,2728969,T,76.59277000,16.29028000,ARCTIC,Svalbard and Jan Mayen,ARO
Wochenmitte,Wochenmitte,LOC,0.00000000,0.00000000,de,1.00000000,,0,,,,,,
Nest-Rand,Nest-Rand,LOC,0.00000000,0.00000000,de,1.00000000,,0,,,,,,
weiterlesenWenn,weiterlesenWenn,LOC,0.00000000,0.00000000,de,1.00000000,,0,,,,,,
Aragón,Aragón,LOC,0.00000000,1.00000000,de,1.00000000,4068794-6,3336899,A,41.50000000,-0.66667000,EUROPE-AFRICA,Spain,MED
Kreisla…,Kreisla…,LOC,0.00000000,0.00000000,de,1.00000000,,0,,,,,,
Öfen,Öfen,LOC,-1.00000000,0.00000000,de,1.00000000,,0,,,,,,
Kontinents,Kontinents,LOC,0.66666667,0.33333333,de,1.00000000,,0,,,,,,
Klimageräten,Klimageräten,LOC,-0.70000000,0.00000000,de,1.00000000,,0,,,,,,
Nestern,Nestern,LOC,0.70000000,0.00000000,de,1.00000000,,0,,,,,,
St. Veit,St. Veit,LOC,0.00000000,0.00000000,de,1.00000000,24226-3,3191648,P,45.32673000,14.44241000,EUROPE,Croatia,WCE
Hobbymeteorologen,Hobbymeteorologen,LOC,0.00000000,0.00000000,de,1.00000000,,0,,,,,,
Sommersonnenwende,Sommersonnenwende,LOC,0.00000000,0.00000000,de,1.00000000,,0,,,,,,
Abhilfe</li><li,Abhilfe</li><li,LOC,0.00000000,0.00000000,de,1.00000000,,0,,,,,,
Stromnetze,Stromnetze,LOC,0.70000000,0.00000000,de,1.00000000,,0,,,,,,
Masovian Voivodeship,Masovian Voivodeship,LOC,-0.70000000,0.00000000,de,1.00000000,4079048-4,756135,P,52.22977000,21.01178000,EUROPE,Poland,WCE
Sainte-Marie-la-Mer,Sainte-Marie-la-Mer,LOC,0.00000000,0.00000000,de,1.00000000,1160063702,2980416,P,42.73333000,3.01667000,EUROPE-AFRICA,France,MED
Hitzeglocke,Hitzeglocke,LOC,0.00000000,0.00000000,de,1.00000000,,0,,,,,,
Hérault,Hérault,LOC,0.00000000,0.00000000,de,1.00000000,4089205-0,3007669,L,43.66667000,3.16667000,EUROPE-AFRICA,France,MED
Varsovians walk onto the Swietokrzyski Bridge,Varsovians walk onto the Swietokrzyski Bridge,LOC,-0.70000000,0.00000000,de,1.00000000,,0,,,,,,
Aude,Aude,LOC,0.00000000,0.00000000,de,1.00000000,4459596-7,3036264,A,43.08333000,2.50000000,EUROPE-AFRICA,France,MED
Parks“,Parks“,LOC,0.00000000,0.00000000,de,1.00000000,,0,,,,,,
Stadt Frankfurt,Stadt Frankfurt,LOC,0.00000000,0.00000000,de,1.00000000,4018118-2,2925533,P,50.11552000,8.68417000,EUROPE,Germany,WCE
Goethe-Denkmal,Goethe-Denkmal,LOC,0.70000000,0.00000000,de,1.00000000,,0,,,,,,
Départements,Départements,LOC,0.00000000,0.00000000,de,1.00000000,4022429-6,3598132,P,14.64072000,-90.51327000,CENTRAL-AMERICA,Guatemala,SCA
Norditalien,Norditalien,LOC,-0.70000000,0.00000000,de,1.00000000,,0,,,,,,
Juni-Tempera…,Juni-Tempera…,LOC,0.00000000,0.00000000,de,1.00000000,,0,,,,,,
Girona,Girona,LOC,0.00000000,0.00000000,de,1.00000000,4071756-2,3121456,P,41.98311000,2.82493000,EUROPE-AFRICA,Spain,MED
Land Kärnten,Land Kärnten,LOC,0.00000000,1.00000000,de,1.00000000,4680368-3,2780544,P,46.60806000,14.36417000,EUROPE,Austria,WCE
Regionalbahn 68,Regionalbahn 68,LOC,0.00000000,0.00000000,de,1.00000000,,0,,,,,,
Shorts,Shorts,LOC,0.00000000,1.00000000,de,1.00000000,,4524691,L,39.12173000,-84.69634000,NORTH-AMERICA,United States,ENA
Waldverband Steiermark…,Waldverband Steiermark…,LOC,0.00000000,0.00000000,de,1.00000000,,0,,,,,,
Wiener Währinger Straße,Wiener Währinger Straße,LOC,-0.70000000,0.00000000,de,1.00000000,,0,,,,,,
Provinz,Provinz,LOC,-0.70000000,0.00000000,de,1.00000000,1029061-8,890299,P,-17.82772000,31.05337000,AFRICA,Zimbabwe,ESAF
National Mall,National Mall,LOC,0.70000000,0.00000000,de,1.00000000,,9675441,L,38.88987000,-77.02278000,NORTH-AMERICA,United States,ENA
Clueso,Clueso,LOC,0.00000000,0.00000000,de,1.00000000,,0,,,,,,
Kleidchen,Kleidchen,LOC,0.00000000,1.00000000,de,1.00000000,,0,,,,,,
National Mall wurd…,National Mall wurd…,LOC,0.70000000,0.00000000,de,1.00000000,,0,,,,,,
Tier-Notfälle,Tier-Notfälle,LOC,0.00000000,0.00000000,de,1.00000000,,0,,,,,,
Rote Kreuz,Rote Kreuz,LOC,0.00000000,0.00000000,de,1.00000000,,0,,,,,,
Heidelberg,Heidelberg,LOC,0.00000000,0.00000000,de,1.00000000,4023996-2,2907911,P,49.40768000,8.69079000,EUROPE,Germany,WCE
Hitzewellenzeiten,Hitzewellenzeiten,LOC,0.00000000,0.00000000,de,1.00000000,,0,,,,,,
Bezirksmusikfest,Bezirksmusikfest,LOC,0.00000000,0.00000000,de,1.00000000,,0,,,,,,
Bregenzerwälder,Bregenzerwälder,LOC,0.00000000,0.00000000,de,1.00000000,,0,,,,,,
St. Ulrich bei Steyr,St. Ulrich bei Steyr,LOC,0.00000000,0.00000000,de,1.00000000,4612055-5,2766372,P,48.02116000,14.43685000,EUROPE,Austria,WCE
Landes Berlin,Landes Berlin,LOC,0.00000000,0.00000000,de,1.00000000,,0,,,,,,
Alpenraum,Alpenraum,LOC,0.23333333,0.00000000,de,1.00000000,,0,,,,,,
Mitteldeutschland,Mitteldeutschland,LOC,0.00000000,0.00000000,de,1.00000000,,0,,,,,,
Beregnen,Beregnen,LOC,-1.00000000,0.00000000,de,1.00000000,,0,,,,,,
Gießen,Gießen,LOC,-1.00000000,0.00000000,de,1.00000000,4020989-1,2920512,P,50.58727000,8.67554000,EUROPE,Germany,WCE
Stad…,Stad…,LOC,1.00000000,0.00000000,de,1.00000000,,0,,,,,,
Garten,Garten,LOC,-1.00000000,0.00000000,de,1.00000000,,7535595,S,52.50717000,13.33189000,EUROPE,Germany,WCE
City,City,LOC,-0.70000000,0.00000000,de,1.00000000,4450324-6,5501344,P,39.16380000,-119.76740000,NORTH-AMERICA,United States,WNA
Schwülheiß,Schwülheiß,LOC,0.70000000,0.00000000,de,1.00000000,,0,,,,,,
Hitze-Tipps,Hitze-Tipps,LOC,0.00000000,0.00000000,de,1.00000000,,0,,,,,,
Juni-Rekord,Juni-Rekord,LOC,0.00000000,0.00000000,de,1.00000000,,0,,,,,,
Terrasse,Terrasse,LOC,-1.00000000,0.00000000,de,1.00000000,,1546478,T,-38.72657000,77.51114000,SOUTHERN,French Southern Territories,SOO
Rasens,Rasens,LOC,1.00000000,0.00000000,de,1.00000000,,0,,,,,,
Egg,Egg,LOC,1.00000000,0.00000000,de,1.00000000,,6632600,T,-63.67361000,-57.70753000,POLAR,Antarctica,WAN
Dornbirn,Dornbirn,LOC,1.00000000,0.00000000,de,1.00000000,4012792-8,2780741,P,47.41427000,9.74195000,EUROPE,Austria,WCE
Getreidefeldern,Getreidefeldern,LOC,0.00000000,0.00000000,de,1.00000000,,0,,,,,,
EU-Spitze,EU-Spitze,LOC,0.00000000,0.00000000,de,1.00000000,,0,,,,,,
Bezirksamt Reinickendorf,Bezirksamt Reinickendorf,LOC,1.00000000,0.00000000,de,1.00000000,,0,,,,,,
Asturien,Asturien,LOC,0.35000000,0.50000000,de,1.00000000,4425140-3,3110962,P,43.29568000,-5.68416000,EUROPE-AFRICA,Spain,MED
Waldbrandes,Waldbrandes,LOC,0.70000000,0.00000000,de,1.00000000,,0,,,,,,
Tortur,Tortur,LOC,0.00000000,0.00000000,de,1.00000000,,12212653,S,49.11141000,9.73918000,EUROPE,Germany,WCE
Südthüringens,Südthüringens,LOC,0.00000000,0.00000000,de,1.00000000,,0,,,,,,
Flutkatastrophe an der Ahr,Flutkatastrophe an der Ahr,LOC,0.00000000,0.00000000,de,1.00000000,,0,,,,,,
Golf am Morgen,Golf am Morgen,LOC,1.00000000,0.00000000,de,1.00000000,,0,,,,,,
Berg…,Berg…,LOC,1.00000000,0.00000000,de,1.00000000,,0,,,,,,
Al…,Al…,LOC,0.00000000,0.00000000,de,1.00000000,,0,,,,,,
CERN,CERN,LOC,-0.15000000,0.00000000,de,1.00000000,,2661235,S,46.23333000,6.05000000,EUROPE,Switzerland,WCE
Wetter-Tipps,Wetter-Tipps,LOC,0.00000000,0.00000000,de,1.00000000,,0,,,,,,
schaut,schaut,LOC,0.00000000,0.00000000,de,1.00000000,,5009078,H,45.31196000,-83.56137000,NORTH-AMERICA,United States,ENA
Aschaffenburger,Aschaffenburger,LOC,0.00000000,0.00000000,de,1.00000000,,0,,,,,,
Verstößen,Verstößen,LOC,-1.00000000,0.00000000,de,1.00000000,,0,,,,,,
Brüsseler Behörde,Brüsseler Behörde,LOC,0.00000000,0.00000000,de,1.00000000,,0,,,,,,
Finanznot,Finanznot,LOC,0.00000000,0.00000000,de,1.00000000,,0,,,,,,
Hummelsbüttel,Hummelsbüttel,LOC,1.00000000,0.00000000,de,1.00000000,4131639-3,2897674,P,53.64773000,10.04149000,EUROPE,Germany,NEU
Kulturspartipps,Kulturspartipps,LOC,1.00000000,0.00000000,de,1.00000000,,0,,,,,,
Keltenfürst-Gemeinde Glauburg,Keltenfürst-Gemeinde Glauburg,LOC,-0.15000000,0.00000000,de,1.00000000,,0,,,,,,
Glauburg,Glauburg,LOC,0.00000000,0.00000000,de,1.00000000,4598765-8,2920024,P,50.31667000,9.00000000,EUROPE,Germany,WCE
Magdeburger Editha-Gymnasium,Magdeburger Editha-Gymnasium,LOC,0.00000000,0.00000000,de,1.00000000,,0,,,,,,
Parkbänken,Parkbänken,LOC,0.00000000,0.00000000,de,1.00000000,,0,,,,,,
Afrikas,Afrikas,LOC,0.00000000,0.00000000,de,1.00000000,,0,,,,,,
Wissenschaftlern,Wissenschaftlern,LOC,0.70000000,0.00000000,de,1.00000000,,0,,,,,,
Sommernächten,Sommernächten,LOC,-0.50000000,0.00000000,de,1.00000000,,0,,,,,,
Sklaverei‑Infotafeln,Sklaverei‑Infotafeln,LOC,0.00000000,0.00000000,de,1.00000000,,0,,,,,,
Ausstellungsstücke,Ausstellungsstücke,LOC,0.00000000,0.00000000,de,1.00000000,,0,,,,,,
Informationstafeln,Informationstafeln,LOC,0.00000000,0.00000000,de,1.00000000,,0,,,,,,
Nationalparks,Nationalparks,LOC,0.00000000,0.00000000,de,1.00000000,,5394465,L,36.50768000,-118.57520000,NORTH-AMERICA,United States,WNA
Vo…,Vo…,LOC,0.00000000,0.00000000,de,1.00000000,,0,,,,,,
Dorset,Dorset,LOC,0.00000000,0.00000000,de,1.00000000,4012808-8,6296283,S,64.23094000,-76.52862000,NORTH-AMERICA,Canada,NEN
Bedrängnis,Bedrängnis,LOC,0.00000000,1.00000000,de,1.00000000,,0,,,,,,
Kremsmünster,Kremsmünster,LOC,0.00000000,0.00000000,de,1.00000000,4033044-8,2773538,P,48.05290000,14.12919000,EUROPE,Austria,WCE
Ried im Innkreis,Ried im Innkreis,LOC,0.00000000,0.00000000,de,1.00000000,4104043-0,2767471,P,48.21123000,13.48855000,EUROPE,Austria,WCE
Hitzelabor Schweiz,Hitzelabor Schweiz,LOC,-1.00000000,0.00000000,de,1.00000000,,0,,,,,,
Ve…,Ve…,LOC,0.00000000,0.00000000,de,1.00000000,,0,,,,,,
Hitze-Wende,Hitze-Wende,LOC,0.00000000,0.00000000,de,1.00000000,,0,,,,,,
Wolken,Wolken,LOC,0.00000000,0.00000000,de,1.00000000,,6553814,A,50.33330000,7.46667000,EUROPE,Germany,WCE
Burgenland Gewitter,Burgenland Gewitter,LOC,0.00000000,1.00000000,de,1.00000000,,0,,,,,,
Wassers,Wassers,LOC,0.00000000,0.00000000,de,1.00000000,7837775-4,13569439,L,53.25011000,8.89815000,EUROPE,Germany,NEU
Randgruppen,Randgruppen,LOC,0.00000000,0.00000000,de,1.00000000,,0,,,,,,
Stadt hitzesicher,Stadt hitzesicher,LOC,0.00000000,0.00000000,de,1.00000000,,0,,,,,,
Sü…,Sü…,LOC,0.00000000,0.00000000,de,1.00000000,,0,,,,,,
Stadtzentren,Stadtzentren,LOC,-0.70000000,0.00000000,de,1.00000000,,0,,,,,,
St. Johann im Pongau,St. Johann im Pongau,LOC,0.00000000,0.00000000,de,1.00000000,4420164-3,2766642,A,47.30000000,13.30000000,EUROPE,Austria,WCE
Autobahn 9,Autobahn 9,LOC,0.00000000,0.00000000,de,1.00000000,,0,,,,,,
Landkreis Saalfeld-Rudolstadt,Landkreis Saalfeld-Rudolstadt,LOC,0.00000000,0.00000000,de,1.00000000,4051087-6,2842688,P,50.64826000,11.36536000,EUROPE,Germany,WCE
Saale-Orla-Kreis,Saale-Orla-Kreis,LOC,0.00000000,0.00000000,de,1.00000000,4393699-4,6547394,A,50.62459000,11.71953000,EUROPE,Germany,WCE
Scharlatane,Scharlatane,LOC,0.00000000,0.00000000,de,1.00000000,,0,,,,,,
Wechseljahre si,Wechseljahre si,LOC,0.00000000,0.00000000,de,1.00000000,,0,,,,,,
Bischofshofen,Bischofshofen,LOC,0.00000000,0.00000000,de,1.00000000,4225515-6,2781735,P,47.41667000,13.21667000,EUROPE,Austria,WCE
TU,TU,LOC,0.00000000,0.00000000,de,1.00000000,4249575-1,1815286,P,30.66667000,104.06667000,ASIA,China,EAS
Grünanteil,Grünanteil,LOC,0.00000000,0.00000000,de,1.00000000,,0,,,,,,
Hall,Hall,LOC,0.70000000,0.00000000,de,1.00000000,,5069297,P,40.92501000,-98.34201000,NORTH-AMERICA,United States,CNA
Imst,Imst,LOC,0.70000000,0.00000000,de,1.00000000,4026692-8,2775307,P,47.24504000,10.73974000,EUROPE,Austria,WCE
Landkreis Elbe-Elster,Landkreis Elbe-Elster,LOC,0.00000000,0.00000000,de,1.00000000,4115252-9,2868531,P,51.43453000,13.22177000,EUROPE,Germany,WCE
Pyrenäen,Pyrenäen,LOC,-1.00000000,0.00000000,de,1.00000000,4047911-0,6299377,S,43.38000000,-0.41861000,EUROPE-AFRICA,France,MED
Wandbrand,Wandbrand,LOC,-1.00000000,0.00000000,de,1.00000000,,0,,,,,,
Schnellcheck,Schnellcheck,LOC,0.00000000,0.00000000,de,1.00000000,,0,,,,,,
Universitätsklinikum Hamburg-Eppendorf,Universitätsklinikum Hamburg-Eppendorf,LOC,0.00000000,0.33333333,de,1.00000000,,0,,,,,,
Wetterwoche,Wetterwoche,LOC,0.00000000,0.00000000,de,1.00000000,,0,,,,,,
Pyrénées-Orie…,Pyrénées-Orie…,LOC,0.00000000,0.00000000,de,1.00000000,,0,,,,,,
Département,Département,LOC,0.00000000,0.00000000,de,1.00000000,4116064-2,3718426,P,18.54349000,-72.33881000,CENTRAL-AMERICA,Haiti,CAR
Harzer Schmalspurbahnen,Harzer Schmalspurbahnen,LOC,0.00000000,1.00000000,de,1.00000000,,0,,,,,,
HSB,HSB,LOC,0.00000000,1.00000000,de,1.00000000,,383640,L,30.91158000,43.39374000,ASIA,Iraq,WCA
Nordgriechenland,Nordgriechenland,LOC,0.00000000,0.00000000,de,1.00000000,,0,,,,,,
Normalwer,Normalwer,LOC,0.00000000,0.00000000,de,1.00000000,,0,,,,,,
Sachsen …,Sachsen …,LOC,1.00000000,0.00000000,de,1.00000000,,0,,,,,,
Bad Lobenstein,Bad Lobenstein,LOC,0.00000000,0.00000000,de,1.00000000,4036099-4,2876721,P,50.45223000,11.63930000,EUROPE,Germany,WCE
Mikroklima-Wunder,Mikroklima-Wunder,LOC,0.00000000,0.00000000,de,1.00000000,,0,,,,,,
st…,st…,LOC,0.00000000,0.00000000,de,1.00000000,,0,,,,,,
Monatsmittel,Monatsmittel,LOC,0.00000000,0.00000000,de,1.00000000,,0,,,,,,
Hausgelsen,Hausgelsen,LOC,0.00000000,0.00000000,de,1.00000000,,0,,,,,,
Hürden,Hürden,LOC,0.00000000,0.00000000,de,1.00000000,300157-X,2897250,P,49.22944000,9.86394000,EUROPE,Germany,WCE
Monitorings,Monitorings,LOC,0.00000000,0.00000000,de,1.00000000,,0,,,,,,
Thermometer,Thermometer,LOC,-0.35000000,0.50000000,de,1.00000000,,2731848,T,79.20000000,11.56667000,ARCTIC,Svalbard and Jan Mayen,ARO
Hitze-Rekordhalter,Hitze-Rekordhalter,LOC,-0.35000000,0.50000000,de,1.00000000,,0,,,,,,
Feuerinferno,Feuerinferno,LOC,0.00000000,0.00000000,de,1.00000000,,0,,,,,,
Hünfelden,Hünfelden,LOC,0.00000000,0.00000000,de,1.00000000,4026070-7,3208070,A,50.31529000,8.15037000,EUROPE,Germany,WCE
Sonnenfans,Sonnenfans,LOC,0.85000000,0.00000000,de,1.00000000,,0,,,,,,
Qualleninvasion an der Adria,Qualleninvasion an der Adria,LOC,0.00000000,0.00000000,de,1.00000000,,0,,,,,,
Dicke Klostermauern,Dicke Klostermauern,LOC,0.23333333,0.00000000,de,1.00000000,,0,,,,,,
Hitzeviewer Hessen,Hitzeviewer Hessen,LOC,0.00000000,0.00000000,de,1.00000000,,0,,,,,,
Brandemissionen,Brandemissionen,LOC,0.00000000,0.00000000,de,1.00000000,,0,,,,,,
Dachgeschosswohnungen,Dachgeschosswohnungen,LOC,0.70000000,0.00000000,de,1.00000000,,0,,,,,,
Grünen-Politikerin Dröge,Grünen-Politikerin Dröge,LOC,-0.10000000,0.33333333,de,1.00000000,,0,,,,,,
Met Office,Met Office,LOC,0.00000000,0.00000000,de,1.00000000,,7118133,S,37.43652000,-76.31988000,NORTH-AMERICA,United States,ENA
Koppe,Koppe,LOC,0.00000000,0.00000000,de,1.00000000,4283493-4,9135278,T,61.81343000,8.83484000,EUROPE,Norway,NEU
Äsche,Äsche,LOC,0.00000000,0.00000000,de,1.00000000,,0,,,,,,
Bachforelle,Bachforelle,LOC,0.00000000,0.00000000,de,1.00000000,,0,,,,,,
Bundeslä…,Bundeslä…,LOC,0.00000000,0.00000000,de,1.00000000,,0,,,,,,
Salzburgs,Salzburgs,LOC,0.50000000,0.50000000,de,1.00000000,,0,,,,,,
Winterweizens,Winterweizens,LOC,0.00000000,0.00000000,de,1.00000000,,0,,,,,,
Dornbirner,Dornbirner,LOC,0.70000000,0.00000000,de,1.00000000,,7733139,L,47.43659000,9.69943000,EUROPE,Austria,WCE
St. Johann,St. Johann,LOC,0.00000000,0.00000000,de,1.00000000,4444886-7,2661767,P,47.19310000,9.28126000,EUROPE,Switzerland,WCE
Amt für Bevölkerungsschutz,Amt für Bevölkerungsschutz,LOC,0.70000000,0.00000000,de,1.00000000,,0,,,,,,
Umw…,Umw…,LOC,0.00000000,0.00000000,de,1.00000000,,0,,,,,,
Kamp,Kamp,LOC,0.00000000,0.00000000,de,1.00000000,4029436-5,3116246,P,41.08675000,0.95925000,EUROPE-AFRICA,Spain,MED
Neukölln,Neukölln,LOC,1.00000000,0.00000000,de,1.00000000,17558-4,2864695,P,52.47719000,13.43126000,EUROPE,Germany,WCE
daru…,daru…,LOC,0.00000000,1.00000000,de,1.00000000,,0,,,,,,
Südtirol,Südtirol,LOC,0.00000000,0.00000000,de,1.00000000,4060814-1,3165244,A,46.50000000,11.33333000,EUROPE,Italy,WCE
Hawaii,Hawaii,LOC,0.00000000,0.00000000,de,1.00000000,251184-8,5855797,A,20.78785000,-156.38612000,PACIFIC,United States,NPO
Städ…,Städ…,LOC,0.00000000,0.00000000,de,1.00000000,,0,,,,,,
Wochenende,Wochenende,LOC,0.00000000,0.00000000,de,1.00000000,,0,,,,,,
Krankenhausgesellschaft Mecklenburg-Vorpommern,Krankenhausgesellschaft Mecklenburg-Vorpommern,LOC,0.00000000,0.00000000,de,1.00000000,,0,,,,,,
DWD-Angaben,DWD-Angaben,LOC,0.00000000,0.00000000,de,1.00000000,,0,,,,,,
Stadt/Land,Stadt/Land,LOC,0.00000000,0.00000000,de,1.00000000,,2950159,P,52.52437000,13.41053000,EUROPE,Germany,WCE
Saarland Rekorde,Saarland Rekorde,LOC,0.80000000,0.00000000,de,1.00000000,,0,,,,,,
Rekordtag,Rekordtag,LOC,0.00000000,0.00000000,de,1.00000000,,0,,,,,,
Eisenstadt,Eisenstadt,LOC,0.00000000,0.00000000,de,1.00000000,4014087-8,2780190,P,47.84565000,16.52327000,EUROPE,Austria,WCE
Nürnberg,Nürnberg,LOC,0.00000000,0.00000000,de,1.00000000,4042742-0,2861650,P,49.45421000,11.07752000,EUROPE,Germany,WCE
Weinevents,Weinevents,LOC,0.00000000,0.00000000,de,1.00000000,,0,,,,,,
Hitzewelle am Wochenende,Hitzewelle am Wochenende,LOC,0.00000000,0.00000000,de,1.00000000,,0,,,,,,
Traditionsfeste,Traditionsfeste,LOC,0.00000000,0.00000000,de,1.00000000,,0,,,,,,
Neubrandenburg,Neubrandenburg,LOC,0.00000000,0.00000000,de,1.00000000,4041712-8,2866135,P,53.55735000,13.26105000,EUROPE,Germany,WCE
Musikfestivals,Musikfestivals,LOC,0.00000000,0.00000000,de,1.00000000,,0,,,,,,
Grazer Wegener Center,Grazer Wegener Center,LOC,0.00000000,0.00000000,de,1.00000000,,0,,,,,,
Pfalz,Pfalz,LOC,0.00000000,0.00000000,de,1.00000000,4049795-1,2847618,A,49.66667000,7.50000000,EUROPE,Germany,WCE
Therapien,Therapien,LOC,0.00000000,0.00000000,de,1.00000000,,0,,,,,,
Wohlbefinden,Wohlbefinden,LOC,0.00000000,0.00000000,de,1.00000000,,0,,,,,,
bayerische Landtag,bayerische Landtag,LOC,0.00000000,0.00000000,de,1.00000000,,0,,,,,,
Unstrut-Hainich-Kreis,Unstrut-Hainich-Kreis,LOC,0.00000000,0.00000000,de,1.00000000,,6547389,A,51.18285000,10.58562000,EUROPE,Germany,WCE
Winterdienstfahrz…,Winterdienstfahrz…,LOC,0.00000000,0.00000000,de,1.00000000,,0,,,,,,
Talwind,Talwind,LOC,1.00000000,0.00000000,de,1.00000000,,0,,,,,,
Heilbad,Heilbad,LOC,0.00000000,0.00000000,de,1.00000000,4096110-2,2907545,P,51.37819000,10.13744000,EUROPE,Germany,WCE
Laufevent,Laufevent,LOC,0.00000000,0.00000000,de,1.00000000,,0,,,,,,
Trierer,Trierer,LOC,0.00000000,0.00000000,de,1.00000000,,0,,,,,,
Großmarkt,Großmarkt,LOC,0.00000000,0.00000000,de,1.00000000,,0,,,,,,
Allzeitrekord,Allzeitrekord,LOC,0.00000000,0.00000000,de,1.00000000,,0,,,,,,
Wegener-C…,Wegener-C…,LOC,0.00000000,0.00000000,de,1.00000000,,0,,,,,,
Uni Graz,Uni Graz,LOC,0.00000000,0.00000000,de,1.00000000,,0,,,,,,
Sachen Hitze,Sachen Hitze,LOC,0.00000000,0.00000000,de,1.00000000,,0,,,,,,
Investitionsbehörden,Investitionsbehörden,LOC,0.00000000,0.00000000,de,1.00000000,,0,,,,,,
Unfälle,Unfälle,LOC,0.00000000,0.00000000,de,1.00000000,,0,,,,,,
Kriminalität,Kriminalität,LOC,0.00000000,0.00000000,de,1.00000000,,0,,,,,,
n-tv,n-tv,LOC,0.70000000,0.00000000,de,1.00000000,,5696609,S,41.20361000,-100.73320000,NORTH-AMERICA,United States,CNA
Durchschnittswert …,Durchschnittswert …,LOC,0.00000000,0.00000000,de,1.00000000,,0,,,,,,
Müllwagen,Müllwagen,LOC,0.70000000,0.00000000,de,1.00000000,,0,,,,,,
Glühwürmchen,Glühwürmchen,LOC,0.00000000,0.00000000,de,1.00000000,,0,,,,,,
US-Podcast,US-Podcast,LOC,0.00000000,0.00000000,de,1.00000000,,0,,,,,,
Buch,Buch,LOC,0.00000000,0.00000000,de,1.00000000,,3006283,P,44.63278000,-1.14513000,EUROPE-AFRICA,France,MED
Landkreis Teltow-Fläming)…,Landkreis Teltow-Fläming)…,LOC,0.00000000,0.00000000,de,1.00000000,,0,,,,,,
Geschiche,Geschiche,LOC,0.00000000,0.00000000,de,1.00000000,,0,,,,,,
Kaiserzeit mil…,Kaiserzeit mil…,LOC,0.35000000,0.50000000,de,1.00000000,,0,,,,,,
Poolspaß,Poolspaß,LOC,0.70000000,0.00000000,de,1.00000000,,0,,,,,,
Steie…,Steie…,LOC,0.00000000,1.00000000,de,1.00000000,,0,,,,,,
Barcelona,Barcelona,LOC,0.00000000,0.00000000,de,1.00000000,4004503-1,3128760,P,41.38879000,2.15899000,EUROPE-AFRICA,Spain,MED
Frankfurter Architekturmuseum,Frankfurter Architekturmuseum,LOC,0.00000000,0.00000000,de,1.00000000,,0,,,,,,
Eiswürfel,Eiswürfel,LOC,-0.70000000,0.00000000,de,1.00000000,,0,,,,,,
Wasserentnahmeverbot,Wasserentnahmeverbot,LOC,0.00000000,0.00000000,de,1.00000000,,0,,,,,,
Untere Wasserbehörde,Untere Wasserbehörde,LOC,0.00000000,0.00000000,de,1.00000000,,0,,,,,,
Stadt…,Stadt…,LOC,0.00000000,0.00000000,de,1.00000000,,0,,,,,,
Ventilator,Ventilator,LOC,-0.70000000,0.00000000,de,1.00000000,,0,,,,,,
Veranstaltern,Veranstaltern,LOC,0.70000000,0.00000000,de,1.00000000,,0,,,,,,
Tag am Meer,Tag am Meer,LOC,-0.70000000,0.00000000,de,1.00000000,,0,,,,,,
Flirrender,Flirrender,LOC,0.00000000,0.00000000,de,1.00000000,,0,,,,,,
Kolumne,Kolumne,LOC,0.00000000,0.00000000,de,1.00000000,,0,,,,,,
Metern Höhe,Metern Höhe,LOC,0.00000000,0.00000000,de,1.00000000,,0,,,,,,
Ozonwerten,Ozonwerten,LOC,-0.07500000,0.00000000,de,1.00000000,,0,,,,,,
Eifel,Eifel,LOC,0.00000000,0.00000000,de,1.00000000,4013749-1,2931919,T,50.25000000,6.66667000,EUROPE,Germany,WCE
Feste-Sommer,Feste-Sommer,LOC,0.00000000,0.00000000,de,1.00000000,,0,,,,,,
Getreide,Getreide,LOC,0.70000000,0.00000000,de,1.00000000,,0,,,,,,
Betondecke,Betondecke,LOC,-1.00000000,0.00000000,de,1.00000000,,0,,,,,,
Havelland,Havelland,LOC,0.00000000,0.00000000,de,1.00000000,4023870-2,2908638,L,52.50000000,12.75000000,EUROPE,Germany,WCE
Abständen,Abständen,LOC,0.00000000,0.00000000,de,1.00000000,,0,,,,,,
KI,KI,LOC,0.00000000,0.00000000,de,1.00000000,,6255151,L,-18.31281000,138.51562000,OCEANIA,Australia,NAU
Amerika-Gedenkbibliothek,Amerika-Gedenkbibliothek,LOC,0.00000000,0.00000000,de,1.00000000,,0,,,,,,
hitzebedingt,hitzebedingt,LOC,-1.00000000,0.00000000,de,1.00000000,,0,,,,,,
den Niederlanden,den Niederlanden,LOC,0.00000000,0.00000000,de,1.00000000,,0,,,,,,
Spree,Spree,LOC,0.00000000,1.00000000,de,1.00000000,4093397-0,2923588,P,52.36067000,14.06185000,EUROPE,Germany,WCE
Kreuzberg,Kreuzberg,LOC,-0.50000000,0.50000000,de,1.00000000,1362007056,2884161,P,52.49973000,13.40338000,EUROPE,Germany,WCE
Alex,Alex,LOC,0.00000000,0.00000000,de,1.00000000,10189845-9,5996403,H,46.42643000,-73.69597000,NORTH-AMERICA,Canada,ENA
Temperatur-Rekorde,Temperatur-Rekorde,LOC,0.00000000,0.00000000,de,1.00000000,,0,,,,,,
Einbrechern,Einbrechern,LOC,0.70000000,0.00000000,de,1.00000000,,0,,,,,,
Gendarmenmarkt,Gendarmenmarkt,LOC,0.00000000,0.00000000,de,1.00000000,,6944065,S,52.51320000,13.39230000,EUROPE,Germany,WCE
Autobahn 2,Autobahn 2,LOC,-1.00000000,0.00000000,de,1.00000000,,0,,,,,,
Wachstumsstillstand,Wachstumsstillstand,LOC,0.00000000,1.00000000,de,1.00000000,,0,,,,,,
Sommerhits,Sommerhits,LOC,0.00000000,0.00000000,de,1.00000000,,0,,,,,,
Sommernachtstraum,Sommernachtstraum,LOC,0.00000000,0.00000000,de,1.00000000,,0,,,,,,
Radtour,Radtour,LOC,0.00000000,0.00000000,de,1.00000000,,0,,,,,,
Mini-Ventilator,Mini-Ventilator,LOC,0.00000000,0.00000000,de,1.00000000,,0,,,,,,
Unfallkrankenhaus,Unfallkrankenhaus,LOC,-0.70000000,0.00000000,de,1.00000000,,0,,,,,,
Stadt Jena,Stadt Jena,LOC,0.00000000,0.00000000,de,1.00000000,4028557-1,2895044,P,50.92878000,11.58990000,EUROPE,Germany,WCE
Schleswig-Holsteins,Schleswig-Holsteins,LOC,0.70000000,0.00000000,de,1.00000000,,0,,,,,,
Juni-Temperaturen,Juni-Temperaturen,LOC,1.00000000,0.00000000,de,1.00000000,,0,,,,,,
Kühlkissen,Kühlkissen,LOC,0.00000000,0.00000000,de,1.00000000,,0,,,,,,
Gunskirchen,Gunskirchen,LOC,0.00000000,0.00000000,de,1.00000000,4309172-6,7872185,A,48.14710000,13.93520000,EUROPE,Austria,WCE
Wochenendes,Wochenendes,LOC,0.35000000,0.50000000,de,1.00000000,,0,,,,,,
stock.adobe.com,stock.adobe.com,LOC,0.00000000,0.00000000,de,1.00000000,,0,,,,,,
Notaufnahmen,Notaufnahmen,LOC,0.00000000,1.00000000,de,1.00000000,,0,,,,,,
"Frankfurt 40,3 Grad Celsius","Frankfurt 40,3 Grad Celsius",LOC,0.00000000,0.00000000,de,1.00000000,,0,,,,,,
Land Brandenburg,Land Brandenburg,LOC,0.00000000,0.00000000,de,1.00000000,4007955-7,2945356,A,52.45905000,13.01582000,EUROPE,Germany,WCE
Ecuador,Ecuador,LOC,-1.00000000,0.00000000,de,1.00000000,4129321-6,3658394,A,-1.25000000,-78.25000000,SOUTH-AMERICA,Ecuador,NWS
New Jersey,New Jersey,LOC,-1.00000000,0.00000000,de,1.00000000,4442932-0,5099836,P,40.72816000,-74.07764000,NORTH-AMERICA,United States,ENA
Reichstagsgebäudes,Reichstagsgebäudes,LOC,0.00000000,0.00000000,de,1.00000000,,0,,,,,,
Recyclingpapiers,Recyclingpapiers,LOC,0.00000000,0.00000000,de,1.00000000,,0,,,,,,
Rekorde,Rekorde,LOC,0.00000000,0.00000000,de,1.00000000,,0,,,,,,
Einschränkungen,Einschränkungen,LOC,0.00000000,0.00000000,de,1.00000000,,0,,,,,,
Uniklinik,Uniklinik,LOC,0.00000000,1.00000000,de,1.00000000,,10399218,S,47.63592000,8.60666000,EUROPE,Switzerland,WCE
Pflegeeinrichtungen,Pflegeeinrichtungen,LOC,0.00000000,0.00000000,de,1.00000000,,0,,,,,,
Ludwigshafen,Ludwigshafen,LOC,0.00000000,0.00000000,de,1.00000000,4036472-0,2875376,P,49.48121000,8.44641000,EUROPE,Germany,WCE
Worms,Worms,LOC,0.00000000,0.00000000,de,1.00000000,4066942-7,2806142,P,49.63278000,8.35916000,EUROPE,Germany,WCE
Hitzecheck,Hitzecheck,LOC,0.00000000,0.00000000,de,1.00000000,,0,,,,,,
U-Bahnen,U-Bahnen,LOC,0.00000000,0.00000000,de,1.00000000,,0,,,,,,
Mainz,Mainz,LOC,0.00000000,0.00000000,de,1.00000000,4037124-4,2874225,P,49.98185000,8.28008000,EUROPE,Germany,WCE
Kantabrien,Kantabrien,LOC,0.00000000,0.00000000,de,1.00000000,4118411-7,3109718,P,43.46589000,-3.80493000,EUROPE-AFRICA,Spain,MED
Darmstadt,Darmstadt,LOC,0.00000000,1.00000000,de,1.00000000,4011077-1,2938913,P,49.87167000,8.65027000,EUROPE,Germany,WCE
Hitzeschutz,Hitzeschutz,LOC,0.00000000,0.00000000,de,1.00000000,,0,,,,,,
Linzer,Linzer,LOC,0.00000000,0.00000000,de,1.00000000,,7288417,S,48.19899000,16.27135000,EUROPE,Austria,WCE
Kühle Orte,Kühle Orte,LOC,-0.70000000,0.00000000,de,1.00000000,,0,,,,,,
Isar,Isar,LOC,0.00000000,0.00000000,de,1.00000000,4027707-0,1461899,P,34.44902000,67.30193000,ASIA,Afghanistan,WCA
Pool,Pool,LOC,0.00000000,0.00000000,de,1.00000000,,2255404,A,-4.25000000,14.60000000,AFRICA,Republic of the Congo,CAF
Venezuela,Venezuela,LOC,0.70000000,0.00000000,de,1.00000000,4062512-6,3625428,A,8.00000000,-66.00000000,SOUTH-AMERICA,Venezuela,NSA
Tama,Tama,LOC,0.00000000,0.00000000,de,1.00000000,,6822129,P,35.64360000,139.46844000,ASIA,Japan,EAS
Tag,Tag,LOC,0.00000000,0.00000000,de,1.00000000,,3045616,L,47.11667000,17.48333000,EUROPE,Hungary,WCE
Krisenvorsorge,Krisenvorsorge,LOC,0.00000000,0.00000000,de,1.00000000,,0,,,,,,
Zwickau/Leipzig,Zwickau/Leipzig,LOC,0.00000000,0.00000000,de,1.00000000,,0,,,,,,
Insassen,Insassen,LOC,0.00000000,0.00000000,de,1.00000000,,0,,,,,,
Planungsministerien,Planungsministerien,LOC,0.00000000,0.00000000,de,1.00000000,,0,,,,,,
Torgau,Torgau,LOC,0.00000000,0.00000000,de,1.00000000,4060446-9,2821807,P,51.56016000,12.99617000,EUROPE,Germany,WCE
Rekordhalter,Rekordhalter,LOC,0.00000000,0.00000000,de,1.00000000,,0,,,,,,
IMAGO/Bihlmayerfotografie,IMAGO/Bihlmayerfotografie,LOC,0.00000000,0.00000000,de,1.00000000,,0,,,,,,
Kiel,Kiel,LOC,0.00000000,0.00000000,de,1.00000000,4030481-4,2891122,P,54.32133000,10.13489000,EUROPE,Germany,NEU
Neuköllner,Neuköllner,LOC,-0.70000000,0.00000000,de,1.00000000,,2864693,H,52.46002000,13.45554000,EUROPE,Germany,WCE
Mittelitalien,Mittelitalien,LOC,0.00000000,0.00000000,de,1.00000000,,0,,,,,,
Bezirk Wels-Land,Bezirk Wels-Land,LOC,0.00000000,0.00000000,de,1.00000000,,2761523,A,48.11660000,13.96637000,EUROPE,Austria,WCE
Fusion-Festival,Fusion-Festival,LOC,0.00000000,0.00000000,de,1.00000000,,0,,,,,,
Philharmoniker-Konzert,Philharmoniker-Konzert,LOC,0.00000000,0.00000000,de,1.00000000,,0,,,,,,
Lago Trasimeno,Lago Trasimeno,LOC,0.00000000,0.00000000,de,1.00000000,4363100-9,3165310,H,43.13333000,12.10000000,EUROPE-AFRICA,Italy,MED
Superhitze,Superhitze,LOC,0.00000000,0.00000000,de,1.00000000,,0,,,,,,
Hitzenotfällen,Hitzenotfällen,LOC,-0.70000000,0.00000000,de,1.00000000,,0,,,,,,
Tynemouth,Tynemouth,LOC,0.00000000,0.00000000,de,1.00000000,503208-8,2145624,T,-21.99536000,150.13141000,OCEANIA,Australia,EAU
Trinkwasserspender,Trinkwasserspender,LOC,-0.70000000,0.00000000,de,1.00000000,,0,,,,,,
Niederösterreich Betonp…,Niederösterreich Betonp…,LOC,1.00000000,0.00000000,de,1.00000000,,0,,,,,,
Mosel,Mosel,LOC,0.00000000,0.00000000,de,1.00000000,4102240-3,99072,P,36.33500000,43.11889000,ASIA,Iraq,WCA
Totenschein,Totenschein,LOC,0.00000000,0.00000000,de,1.00000000,,0,,,,,,
hinweggezogen,hinweggezogen,LOC,0.00000000,0.00000000,de,1.00000000,,0,,,,,,
Frankfurt/Main,Frankfurt/Main,LOC,0.00000000,1.00000000,de,1.00000000,4018118-2,2925533,P,50.11552000,8.68417000,EUROPE,Germany,WCE
Bäder,Bäder,LOC,0.00000000,0.00000000,de,1.00000000,,11487929,P,46.60538000,7.32667000,EUROPE,Switzerland,WCE
Umgang,Umgang,LOC,0.00000000,0.00000000,de,1.00000000,,0,,,,,,
Landesstraßen,Landesstraßen,LOC,0.00000000,0.00000000,de,1.00000000,,0,,,,,,
Stresstest,Stresstest,LOC,0.00000000,0.00000000,de,1.00000000,,0,,,,,,
Höhepunkt,Höhepunkt,LOC,0.00000000,0.00000000,de,1.00000000,,0,,,,,,
Spitzenr…,Spitzenr…,LOC,0.70000000,0.00000000,de,1.00000000,,0,,,,,,
Detaildiskussionen,Detaildiskussionen,LOC,-0.70000000,0.00000000,de,1.00000000,,0,,,,,,
Maxima,Maxima,LOC,0.00000000,0.00000000,de,1.00000000,4618179-9,2980402,P,43.30907000,6.63849000,EUROPE-AFRICA,France,MED
"Westeuropas
","Westeuropas
",LOC,-0.70000000,0.00000000,de,1.00000000,,0,,,,,,
Nierenschäden,Nierenschäden,LOC,0.50000000,0.50000000,de,1.00000000,,0,,,,,,
Jahreshoch,Jahreshoch,LOC,0.00000000,0.00000000,de,1.00000000,,0,,,,,,
schwül-heißen Luft,schwül-heißen Luft,LOC,0.00000000,0.00000000,de,1.00000000,,0,,,,,,
Geosphere Austria,Geosphere Austria,LOC,0.00000000,0.00000000,de,1.00000000,,0,,,,,,
Gemeinden,Gemeinden,LOC,0.00000000,0.00000000,de,1.00000000,,0,,,,,,
Dachwohnungen,Dachwohnungen,LOC,0.00000000,0.00000000,de,1.00000000,,0,,,,,,
Bad Bergzabern …,Bad Bergzabern …,LOC,0.00000000,0.00000000,de,1.00000000,,0,,,,,,
Bezirk Lienz,Bezirk Lienz,LOC,0.70000000,0.00000000,de,1.00000000,4035690-5,2772505,P,46.82890000,12.76903000,EUROPE,Austria,WCE
Allzeit-Höchstmarken,Allzeit-Höchstmarken,LOC,0.00000000,0.00000000,de,1.00000000,,0,,,,,,
Zug,Zug,LOC,0.00000000,0.00000000,de,1.00000000,4068063-0,2657908,P,47.17242000,8.51745000,EUROPE,Switzerland,WCE
Kaltfront,Kaltfront,LOC,-0.70000000,0.00000000,de,1.00000000,,0,,,,,,
Sturmböen“,Sturmböen“,LOC,-0.70000000,0.00000000,de,1.00000000,,0,,,,,,
Kultusministeriums,Kultusministeriums,LOC,0.00000000,0.00000000,de,1.00000000,,0,,,,,,
Wertstoffhof,Wertstoffhof,LOC,-1.00000000,0.00000000,de,1.00000000,,0,,,,,,
nan Trockenheit,nan Trockenheit,LOC,0.00000000,0.00000000,de,1.00000000,,0,,,,,,
Behördena…,Behördena…,LOC,0.00000000,0.00000000,de,1.00000000,,0,,,,,,
Stürmische Böen,Stürmische Böen,LOC,-1.00000000,0.00000000,de,1.00000000,,0,,,,,,
Bewohner,Bewohner,LOC,0.70000000,0.00000000,de,1.00000000,,0,,,,,,
sa Punta,sa Punta,LOC,0.00000000,0.00000000,de,1.00000000,,4563725,T,18.17246000,-66.59184000,CENTRAL-AMERICA,Puerto Rico,CAR
wien,wien,LOC,0.00000000,1.00000000,de,1.00000000,,2761369,P,48.20849000,16.37208000,EUROPE,Austria,WCE
Auto,Auto,LOC,-1.00000000,0.00000000,de,1.00000000,,5880844,P,-14.27500000,-170.62800000,PACIFIC,American Samoa,SPO
Vibrionen,Vibrionen,LOC,0.70000000,0.00000000,de,1.00000000,,0,,,,,,
Carpentras,Carpentras,LOC,-1.00000000,0.00000000,de,1.00000000,4229605-5,3028542,P,44.05507000,5.04813000,EUROPE-AFRICA,France,MED
Algen,Algen,LOC,0.00000000,0.00000000,de,1.00000000,,2676295,H,59.71667000,14.58333000,EUROPE,Sweden,NEU
Empfehlungen,Empfehlungen,LOC,0.00000000,0.00000000,de,1.00000000,,0,,,,,,
Reiches Land,Reiches Land,LOC,0.70000000,0.00000000,de,1.00000000,,0,,,,,,
Ausnahmezustand,Ausnahmezustand,LOC,0.00000000,0.00000000,de,1.00000000,,0,,,,,,
Bundesrepublik,Bundesrepublik,LOC,0.00000000,0.00000000,de,1.00000000,4011889-7,11612754,A,50.73389000,7.09972000,EUROPE,Germany,WCE
Herz-Kreislauf-System,Herz-Kreislauf-System,LOC,-0.50000000,0.50000000,de,1.00000000,,0,,,,,,
Extremtemperaturen,Extremtemperaturen,LOC,0.70000000,0.00000000,de,1.00000000,,0,,,,,,
Ibiza-Stadt,Ibiza-Stadt,LOC,0.00000000,0.00000000,de,1.00000000,,2516479,P,38.90883000,1.43296000,EUROPE-AFRICA,Spain,MED
SZ am Morgen,SZ am Morgen,LOC,0.00000000,0.00000000,de,1.00000000,,0,,,,,,
NÖ Hitzewarnsystem,NÖ Hitzewarnsystem,LOC,0.00000000,0.00000000,de,1.00000000,,0,,,,,,
Hitzerekord für Thüringen,Hitzerekord für Thüringen,LOC,-0.70000000,0.00000000,de,1.00000000,,0,,,,,,
Parterre,Parterre,LOC,0.00000000,0.00000000,de,1.00000000,,3381188,L,4.87747000,-52.38515000,SOUTH-AMERICA,French Guiana,NSA
Hitzebedingt,Hitzebedingt,LOC,0.00000000,0.00000000,de,1.00000000,,0,,,,,,
Grenzstadt Slubice“,Grenzstadt Slubice“,LOC,0.00000000,0.00000000,de,1.00000000,,0,,,,,,
Grenzstadt Slubice,Grenzstadt Slubice,LOC,0.00000000,0.00000000,de,1.00000000,,0,,,,,,
Neißemünde,Neißemünde,LOC,-0.70000000,0.00000000,de,1.00000000,7707955-3,6551095,A,52.05000000,14.73330000,EUROPE,Germany,WCE
Europaviertel,Europaviertel,LOC,0.00000000,0.00000000,de,1.00000000,,11807655,P,48.79007000,9.18399000,EUROPE,Germany,WCE
Kelsterbach,Kelsterbach,LOC,0.00000000,1.00000000,de,1.00000000,4030205-2,2891742,P,50.06135000,8.52916000,EUROPE,Germany,WCE
Rekordwerte,Rekordwerte,LOC,0.35000000,0.50000000,de,1.00000000,,0,,,,,,
ernst,ernst,LOC,0.00000000,0.00000000,de,1.00000000,,6619129,S,48.20718000,16.42098000,EUROPE,Austria,WCE
Lehrpersonal,Lehrpersonal,LOC,-1.00000000,0.00000000,de,1.00000000,,0,,,,,,
Flöcking,Flöcking,LOC,0.00000000,0.00000000,de,1.00000000,,2779478,P,47.08333000,15.66667000,EUROPE,Austria,WCE
Oststeiermark,Oststeiermark,LOC,0.00000000,0.00000000,de,1.00000000,4075762-6,7873387,A,46.87789000,15.88087000,EUROPE,Austria,WCE
Großeinsatz,Großeinsatz,LOC,0.00000000,0.00000000,de,1.00000000,,0,,,,,,
Norweger,Norweger,LOC,0.00000000,0.00000000,de,1.00000000,,2729467,T,79.85000000,11.63333000,ARCTIC,Svalbard and Jan Mayen,ARO
Spitzenwert,Spitzenwert,LOC,0.70000000,0.00000000,de,1.00000000,,0,,,,,,
Wachwechsel-Zeremonie,Wachwechsel-Zeremonie,LOC,0.00000000,0.00000000,de,1.00000000,,0,,,,,,
Frankfurter Römerberg,Frankfurter Römerberg,LOC,0.70000000,0.00000000,de,1.00000000,,0,,,,,,
Windsor,Windsor,LOC,0.00000000,0.00000000,de,1.00000000,4446505-1,4845920,P,41.85260000,-72.64370000,NORTH-AMERICA,United States,ENA
Fahrrad-Pride,Fahrrad-Pride,LOC,0.00000000,0.00000000,de,1.00000000,,0,,,,,,
Fledermäuse,Fledermäuse,LOC,0.00000000,0.00000000,de,1.00000000,,0,,,,,,
Frankfurt am Main,Frankfurt am Main,LOC,0.00000000,0.00000000,de,1.00000000,4018118-2,2925533,P,50.11552000,8.68417000,EUROPE,Germany,WCE
Volkspark Potsdam,Volkspark Potsdam,LOC,0.00000000,0.00000000,de,1.00000000,,0,,,,,,
Vereinigtes Königreich,Vereinigtes Königreich,LOC,0.00000000,0.00000000,de,1.00000000,4022153-2,2635167,A,54.75844000,-2.69531000,EUROPE,United Kingdom,NEU
Brand bei Munitionslagern,Brand bei Munitionslagern,LOC,0.00000000,0.00000000,de,1.00000000,,0,,,,,,
Finanzminister,Finanzminister,LOC,0.00000000,0.00000000,de,1.00000000,,0,,,,,,
Île-de-France,Île-de-France,LOC,0.00000000,0.00000000,de,1.00000000,4044660-8,2988507,P,48.85341000,2.34880000,EUROPE,France,WCE
Zentralbanken,Zentralbanken,LOC,0.00000000,0.00000000,de,1.00000000,,0,,,,,,
Slubice an der Oder,Slubice an der Oder,LOC,0.00000000,0.00000000,de,1.00000000,,0,,,,,,
Rettungseinsatz,Rettungseinsatz,LOC,0.00000000,0.00000000,de,1.00000000,,0,,,,,,
Rekord-Hitzewelle,Rekord-Hitzewelle,LOC,0.00000000,0.00000000,de,1.00000000,,0,,,,,,
OÖ,OÖ,LOC,0.70000000,0.00000000,de,1.00000000,,1860618,T,33.25027000,129.33894000,ASIA,Japan,EAS
Mailand,Mailand,LOC,-0.70000000,0.00000000,de,1.00000000,4037100-1,3173435,P,45.46427000,9.18951000,EUROPE,Italy,WCE
Smartphones,Smartphones,LOC,0.13333333,0.00000000,de,1.00000000,,0,,,,,,
Tablets,Tablets,LOC,0.13333333,0.00000000,de,1.00000000,,0,,,,,,
Asiens,Asiens,LOC,0.00000000,1.00000000,de,1.00000000,,0,,,,,,
Hitzewelle in Europa,Hitzewelle in Europa,LOC,-0.70000000,0.00000000,de,1.00000000,,0,,,,,,
Großbri…,Großbri…,LOC,0.00000000,1.00000000,de,1.00000000,,0,,,,,,
Hitze-Rekord,Hitze-Rekord,LOC,0.00000000,0.00000000,de,1.00000000,,0,,,,,,
Baden in Bayern,Baden in Bayern,LOC,-1.00000000,0.00000000,de,1.00000000,,0,,,,,,
Übersee,Übersee,LOC,0.00000000,0.00000000,de,1.00000000,4119281-3,2820564,P,47.81667000,12.48333000,EUROPE,Germany,WCE
Quadratmeter Wald,Quadratmeter Wald,LOC,0.00000000,0.00000000,de,1.00000000,,0,,,,,,
Island,Island,LOC,0.00000000,0.00000000,de,1.00000000,4027754-9,2629691,A,65.00000000,-18.00000000,POLAR,Iceland,GIC
Bildschirm schwarz,Bildschirm schwarz,LOC,1.00000000,0.00000000,de,1.00000000,,0,,,,,,
Innsbruck-Land,Innsbruck-Land,LOC,0.00000000,0.00000000,de,1.00000000,4096295-7,2775219,A,47.20000000,11.33333000,EUROPE,Austria,WCE
Eilenburg,Eilenburg,LOC,0.70000000,0.00000000,de,1.00000000,4235486-9,2931871,P,51.45984000,12.63338000,EUROPE,Germany,WCE
Deutsche Wetterdienst,Deutsche Wetterdienst,LOC,-0.70000000,0.00000000,de,1.00000000,,0,,,,,,
Schwaz,Schwaz,LOC,0.00000000,0.00000000,de,1.00000000,4053810-2,2765389,A,47.26667000,11.76667000,EUROPE,Austria,WCE
Kufstein,Kufstein,LOC,0.00000000,0.00000000,de,1.00000000,4033488-0,2773300,P,47.58333000,12.16667000,EUROPE,Austria,WCE
Montag Gewitter,Montag Gewitter,LOC,-0.70000000,0.00000000,de,1.00000000,,0,,,,,,
Nachbarlän…,Nachbarlän…,LOC,0.00000000,0.00000000,de,1.00000000,,0,,,,,,
Tirols,Tirols,LOC,0.00000000,0.00000000,de,1.00000000,,0,,,,,,
Wiener Allzeitrekord,Wiener Allzeitrekord,LOC,0.00000000,0.00000000,de,1.00000000,,0,,,,,,
Ballungsraum Innsbruck,Ballungsraum Innsbruck,LOC,0.70000000,0.00000000,de,1.00000000,,0,,,,,,
Bad Kreuznach,Bad Kreuznach,LOC,0.00000000,0.00000000,de,1.00000000,4033085-0,2953416,P,49.84140000,7.86713000,EUROPE,Germany,WCE
sch…,sch…,LOC,-0.70000000,0.00000000,de,1.00000000,,0,,,,,,
Waldbrand-Einsätzen,Waldbrand-Einsätzen,LOC,0.70000000,0.00000000,de,1.00000000,,0,,,,,,
Werfenweng,Werfenweng,LOC,0.70000000,0.00000000,de,1.00000000,4108010-5,2761476,P,47.46204000,13.25582000,EUROPE,Austria,WCE
Erdbeben in Venezuela,Erdbeben in Venezuela,LOC,-1.00000000,0.00000000,de,1.00000000,,0,,,,,,
Verbund,Verbund,LOC,-0.70000000,0.00000000,de,1.00000000,,0,,,,,,
Krankmeldungen,Krankmeldungen,LOC,0.00000000,0.00000000,de,1.00000000,,0,,,,,,
Mi…,Mi…,LOC,0.00000000,0.00000000,de,1.00000000,,0,,,,,,
Dresden/Wien,Dresden/Wien,LOC,0.00000000,0.00000000,de,1.00000000,,0,,,,,,
Jahresverlauf,Jahresverlauf,LOC,0.00000000,1.00000000,de,1.00000000,,0,,,,,,
Altglas,Altglas,LOC,0.00000000,0.00000000,de,1.00000000,,0,,,,,,
Peking,Peking,LOC,0.00000000,0.00000000,de,1.00000000,4075971-4,1816670,P,39.90750000,116.39723000,ASIA,China,EAS
Aufwind,Aufwind,LOC,0.00000000,0.00000000,de,1.00000000,,0,,,,,,
Andernach,Andernach,LOC,0.00000000,0.00000000,de,1.00000000,4001919-6,2956206,P,50.43109000,7.40425000,EUROPE,Germany,WCE
Offenbach/Mainz,Offenbach/Mainz,LOC,0.70000000,0.00000000,de,1.00000000,,0,,,,,,
Nordtirol,Nordtirol,LOC,-0.33333333,0.00000000,de,1.00000000,4440212-0,2775541,P,47.44980000,12.15659000,EUROPE,Austria,WCE
Alte Klimaanlage,Alte Klimaanlage,LOC,0.00000000,0.00000000,de,1.00000000,,0,,,,,,
Siedlungsgebieten,Siedlungsgebieten,LOC,0.00000000,0.00000000,de,1.00000000,,0,,,,,,
Gefährdungsgebieten,Gefährdungsgebieten,LOC,0.00000000,0.00000000,de,1.00000000,,0,,,,,,
Marburger Uni…,Marburger Uni…,LOC,0.00000000,1.00000000,de,1.00000000,,0,,,,,,
Könige,Könige,LOC,0.00000000,1.00000000,de,1.00000000,,2780688,T,47.08333000,11.86667000,EUROPE,Austria,WCE
Remedur,Remedur,LOC,-0.70000000,0.00000000,de,1.00000000,,0,,,,,,
Stadt Glendales,Stadt Glendales,LOC,-0.70000000,0.00000000,de,1.00000000,,0,,,,,,
US-Bundesstaat,US-Bundesstaat,LOC,-1.00000000,0.00000000,de,1.00000000,4042011-5,5128581,P,40.71427000,-74.00597000,NORTH-AMERICA,United States,ENA
Kassel/Frankfurt/Darmstadt,Kassel/Frankfurt/Darmstadt,LOC,-0.85000000,0.00000000,de,1.00000000,,0,,,,,,
Korallen im Roten Meer,Korallen im Roten Meer,LOC,0.70000000,0.00000000,de,1.00000000,,0,,,,,,
F…,F…,LOC,-1.00000000,0.00000000,de,1.00000000,,0,,,,,,
Behördenangaben,Behördenangaben,LOC,0.00000000,0.00000000,de,1.00000000,,0,,,,,,
Chubut b…,Chubut b…,LOC,0.00000000,0.00000000,de,1.00000000,,0,,,,,,
Hektaren Wald,Hektaren Wald,LOC,-0.70000000,0.00000000,de,1.00000000,,0,,,,,,
Nabu,Nabu,LOC,-1.00000000,0.00000000,de,1.00000000,,1874064,P,38.11944000,126.85083000,ASIA,North Korea,EAS
Anden,Anden,LOC,-0.56666667,0.33333333,de,1.00000000,4079770-3,2803204,P,50.48941000,5.09513000,EUROPE,Belgium,WCE
Epuyén,Epuyén,LOC,-0.56666667,0.33333333,de,1.00000000,,3856140,P,-42.22863000,-71.36263000,SOUTH-AMERICA,Argentina,SWS
St. Johann Analysen,St. Johann Analysen,LOC,0.00000000,0.00000000,de,1.00000000,,0,,,,,,
Kitzbühel,Kitzbühel,LOC,0.00000000,0.00000000,de,1.00000000,4030895-9,2774347,P,47.44637000,12.39215000,EUROPE,Austria,WCE
Reutte,Reutte,LOC,0.00000000,0.00000000,de,1.00000000,4049661-2,2767510,A,47.41667000,10.55000000,EUROPE,Austria,WCE
Lienz,Lienz,LOC,0.00000000,0.00000000,de,1.00000000,4035690-5,2772505,P,46.82890000,12.76903000,EUROPE,Austria,WCE
Kaltluftströme,Kaltluftströme,LOC,0.00000000,0.00000000,de,1.00000000,,0,,,,,,
Kalifornier,Kalifornier,LOC,1.00000000,0.00000000,de,1.00000000,,0,,,,,,
L.A.,L.A.,LOC,0.00000000,0.00000000,de,1.00000000,4036729-0,2960316,P,49.61167000,6.13000000,EUROPE,Luxembourg,WCE
Mittleren Ring,Mittleren Ring,LOC,0.00000000,0.00000000,de,1.00000000,,0,,,,,,
Kanadas Waldbrände,Kanadas Waldbrände,LOC,0.00000000,0.00000000,de,1.00000000,,0,,,,,,
Sahara-Staub,Sahara-Staub,LOC,0.00000000,0.00000000,de,1.00000000,,0,,,,,,
Wintersturm,Wintersturm,LOC,0.70000000,0.00000000,de,1.00000000,,0,,,,,,
Roten Meer,Roten Meer,LOC,-0.70000000,0.00000000,de,1.00000000,,0,,,,,,
Konsolidierungsdruck,Konsolidierungsdruck,LOC,0.00000000,0.00000000,de,1.00000000,,0,,,,,,
Drachenwand,Drachenwand,LOC,0.00000000,0.00000000,de,1.00000000,,2780725,T,47.81667000,13.33333000,EUROPE,Austria,WCE
Bündnis,Bündnis,LOC,0.00000000,0.00000000,de,1.00000000,,0,,,,,,
der Schweiz,der Schweiz,LOC,0.70000000,0.00000000,de,1.00000000,,2661324,P,47.14035000,7.37175000,EUROPE,Switzerland,WCE
Elektroauto,Elektroauto,LOC,0.70000000,0.00000000,de,1.00000000,,0,,,,,,
Verbrennerverbot,Verbrennerverbot,LOC,0.70000000,0.00000000,de,1.00000000,,0,,,,,,
Nachbarhaus,Nachbarhaus,LOC,-1.00000000,0.00000000,de,1.00000000,,0,,,,,,
Mondsee,Mondsee,LOC,0.00000000,0.00000000,de,1.00000000,4333077-0,2771278,H,47.81667000,13.38333000,EUROPE,Austria,WCE
Sankt Lorenz,Sankt Lorenz,LOC,0.00000000,0.00000000,de,1.00000000,,12059765,A,47.43333000,19.17595000,EUROPE,Hungary,WCE
Werkstattbrand,Werkstattbrand,LOC,0.00000000,0.00000000,de,1.00000000,,0,,,,,,
Meeresfauna,Meeresfauna,LOC,0.00000000,0.00000000,de,1.00000000,,0,,,,,,
dpa/bb)-,dpa/bb)-,LOC,-1.00000000,0.00000000,de,1.00000000,,0,,,,,,
Park Babelsberg“,Park Babelsberg“,LOC,0.00000000,0.00000000,de,1.00000000,,0,,,,,,
Welthandel,Welthandel,LOC,0.00000000,0.00000000,de,1.00000000,,0,,,,,,
Blockaden,Blockaden,LOC,0.00000000,0.00000000,de,1.00000000,,0,,,,,,
Klimagipfel,Klimagipfel,LOC,-0.85000000,0.00000000,de,1.00000000,,0,,,,,,
Weltklimagipfel,Weltklimagipfel,LOC,0.00000000,0.00000000,de,1.00000000,,0,,,,,,
hohen Aufwand,hohen Aufwand,LOC,-0.15000000,0.00000000,de,1.00000000,,0,,,,,,
Sri Lanka,Sri Lanka,LOC,-1.20000000,0.50000000,de,1.00000000,4009696-8,1227603,A,7.75000000,80.75000000,INDIAN,Sri Lanka,BOB
Hauptbahnhof,Hauptbahnhof,LOC,0.00000000,0.00000000,de,1.00000000,,8581471,S,48.18479000,16.37803000,EUROPE,Austria,WCE
Marktkeller,Marktkeller,LOC,0.00000000,0.00000000,de,1.00000000,,0,,,,,,
Mangrovenwald,Mangrovenwald,LOC,0.00000000,0.00000000,de,1.00000000,,0,,,,,,
Edmonton,Edmonton,LOC,0.00000000,1.00000000,de,1.00000000,4085533-8,5946768,P,53.55014000,-113.46871000,NORTH-AMERICA,Canada,NWN
Kanada-Kältehammer,Kanada-Kältehammer,LOC,0.00000000,0.00000000,de,1.00000000,,0,,,,,,
Pompeji,Pompeji,LOC,0.00000000,0.00000000,de,1.00000000,4046755-7,3170336,S,40.75000000,14.48333000,EUROPE-AFRICA,Italy,MED
Vesuv-Ausbruchs,Vesuv-Ausbruchs,LOC,0.00000000,0.00000000,de,1.00000000,,0,,,,,,
Weihnachtspause,Weihnachtspause,LOC,-0.70000000,0.00000000,de,1.00000000,,0,,,,,,
Einspruch Podcast,Einspruch Podcast,LOC,-0.70000000,0.00000000,de,1.00000000,,0,,,,,,
Grenzen,Grenzen,LOC,0.00000000,0.00000000,de,1.00000000,,462258,P,54.55000000,22.68333000,EUROPE,Russia,WCE
Robben,Robben,LOC,-1.00000000,0.00000000,de,1.00000000,,3362356,T,-33.80642000,18.36876000,AFRICA,South Africa,WSAF
Saarlandes,Saarlandes,LOC,-0.70000000,0.00000000,de,1.00000000,,0,,,,,,
saarländischen Landtag,saarländischen Landtag,LOC,0.70000000,0.00000000,de,1.00000000,,0,,,,,,
Spaltöffnungen,Spaltöffnungen,LOC,0.00000000,0.00000000,de,1.00000000,,0,,,,,,
Mieming,Mieming,LOC,0.35000000,0.50000000,de,1.00000000,4685355-8,2771606,P,47.30000000,10.98333000,EUROPE,Austria,WCE
Green Deal,Green Deal,LOC,0.35000000,0.50000000,de,1.00000000,,5527495,H,31.49567000,-100.51444000,NORTH-AMERICA,United States,CNA
Düsseldorf,Düsseldorf,LOC,-1.00000000,0.00000000,de,1.00000000,4013255-9,2934246,P,51.22172000,6.77616000,EUROPE,Germany,WCE
Irre,Irre,LOC,-3.00000000,0.00000000,de,1.00000000,,2703527,H,65.31667000,16.31667000,EUROPE,Sweden,NEU
Atlanta,Atlanta,LOC,0.00000000,0.00000000,de,1.00000000,4086063-2,4180439,P,33.74900000,-84.38798000,NORTH-AMERICA,United States,ENA
Georgia,Georgia,LOC,0.00000000,0.00000000,de,1.00000000,4022406-5,614540,A,41.99998000,43.49990000,ASIA,Georgia,WCA
Ñuble,Ñuble,LOC,0.00000000,0.00000000,de,1.00000000,,11979367,A,-36.62291000,-72.21643000,SOUTH-AMERICA,Chile,SWS
Milde Temperaturen,Milde Temperaturen,LOC,-1.00000000,0.00000000,de,1.00000000,,0,,,,,,
Risiko für Waldbrände,Risiko für Waldbrände,LOC,0.70000000,0.00000000,de,1.00000000,,0,,,,,,
Schöneberger,Schöneberger,LOC,0.00000000,0.00000000,de,1.00000000,,2836784,T,49.92443000,7.73351000,EUROPE,Germany,WCE
US-Umweltschützer,US-Umweltschützer,LOC,-1.00000000,0.00000000,de,1.00000000,,0,,,,,,
D.C.,D.C.,LOC,0.00000000,1.00000000,de,1.00000000,4007557-6,3688689,P,4.60971000,-74.08175000,SOUTH-AMERICA,Colombia,NWS
weiterlesenDer Garten,weiterlesenDer Garten,LOC,-0.50000000,0.50000000,de,1.00000000,,0,,,,,,
Kürze,Kürze,LOC,0.00000000,0.00000000,de,1.00000000,,10385919,S,47.09517000,7.25901000,EUROPE,Switzerland,WCE
Genf,Genf,LOC,0.00000000,0.00000000,de,1.00000000,4020137-5,2660646,P,46.20222000,6.14569000,EUROPE,Switzerland,WCE
Ampel-Großprojekten,Ampel-Großprojekten,LOC,0.00000000,0.00000000,de,1.00000000,,0,,,,,,
Niedersachen,Niedersachen,LOC,0.42500000,0.00000000,de,1.00000000,,0,,,,,,
Klimaregeln,Klimaregeln,LOC,0.00000000,0.00000000,de,1.00000000,,0,,,,,,
Chinas CO2-Ausstoß,Chinas CO2-Ausstoß,LOC,0.00000000,0.00000000,de,1.00000000,,0,,,,,,
Klimaschutz-Vorreiter,Klimaschutz-Vorreiter,LOC,0.00000000,0.00000000,de,1.00000000,,0,,,,,,
US-Amerikaner,US-Amerikaner,LOC,0.00000000,0.00000000,de,1.00000000,,0,,,,,,
US-Klimapolitik,US-Klimapolitik,LOC,0.00000000,0.00000000,de,1.00000000,,0,,,,,,
Weiße Haus,Weiße Haus,LOC,1.00000000,0.00000000,de,1.00000000,,0,,,,,,
Umweltbehörde,Umweltbehörde,LOC,0.00000000,0.00000000,de,1.00000000,,0,,,,,,
Umweltrisiken,Umweltrisiken,LOC,0.00000000,0.00000000,de,1.00000000,,0,,,,,,
Rietheim-Weilheim,Rietheim-Weilheim,LOC,0.00000000,0.00000000,de,1.00000000,4668262-4,3206259,P,48.01667000,8.76667000,EUROPE,Germany,WCE
Mär,Mär,LOC,0.00000000,0.00000000,de,1.00000000,,7929678,H,32.00100000,92.40100000,ASIA,China,TIB
Schleswig-Holsteinischen Landtag,Schleswig-Holsteinischen Landtag,LOC,0.00000000,0.00000000,de,1.00000000,,0,,,,,,
plastikhaltigen Straße,plastikhaltigen Straße,LOC,0.00000000,0.00000000,de,1.00000000,,0,,,,,,
Birmingham,Birmingham,LOC,0.70000000,0.00000000,de,1.00000000,4006934-5,2655603,P,52.48142000,-1.89983000,EUROPE,United Kingdom,NEU
Rathaus,Rathaus,LOC,0.00000000,0.00000000,de,1.00000000,,6324756,S,48.21071000,16.35760000,EUROPE,Austria,WCE
Hardtberg,Hardtberg,LOC,0.00000000,0.00000000,de,1.00000000,,2910541,T,50.76667000,11.50000000,EUROPE,Germany,WCE
Altkönig,Altkönig,LOC,0.00000000,0.00000000,de,1.00000000,4001533-6,2957069,T,50.21248000,8.48239000,EUROPE,Germany,WCE
Großen Feldberg,Großen Feldberg,LOC,0.00000000,0.00000000,de,1.00000000,,0,,,,,,
Königstein,Königstein,LOC,0.00000000,0.00000000,de,1.00000000,,3358252,T,-21.12582000,14.54865000,AFRICA,Namibia,WSAF
Sa…,Sa…,LOC,0.00000000,0.00000000,de,1.00000000,,0,,,,,,
Rekordjagd,Rekordjagd,LOC,0.00000000,0.00000000,de,1.00000000,,0,,,,,,
Sichtungen,Sichtungen,LOC,0.00000000,0.00000000,de,1.00000000,,0,,,,,,
Helgoland,Helgoland,LOC,-1.00000000,0.00000000,de,1.00000000,4024291-2,2906947,T,54.18213000,7.88458000,EUROPE,Germany,NEU
Rügen,Rügen,LOC,-1.00000000,0.00000000,de,1.00000000,4050875-4,2843325,T,54.41667000,13.40000000,EUROPE,Germany,NEU
Sachsen-Anhalts,Sachsen-Anhalts,LOC,-0.35000000,0.50000000,de,1.00000000,,0,,,,,,
Sachsen-Anhalts Landkreise,Sachsen-Anhalts Landkreise,LOC,0.00000000,1.00000000,de,1.00000000,,0,,,,,,
Hellmuth Nordwig,Hellmuth Nordwig,LOC,0.00000000,0.00000000,de,1.00000000,,0,,,,,,
Es,Es,LOC,0.00000000,0.00000000,de,1.00000000,4090903-7,160263,P,-6.82349000,39.26951000,AFRICA,Tanzania,SEAF
Klima-Vorgaben,Klima-Vorgaben,LOC,0.00000000,0.00000000,de,1.00000000,,0,,,,,,
Endangerme…,Endangerme…,LOC,0.00000000,0.00000000,de,1.00000000,,0,,,,,,
Hochwa…,Hochwa…,LOC,-0.35000000,0.50000000,de,1.00000000,,0,,,,,,
d… Hitzeschutz,d… Hitzeschutz,LOC,0.70000000,0.00000000,de,1.00000000,,0,,,,,,
Energiebedarf,Energiebedarf,LOC,0.00000000,1.00000000,de,1.00000000,,0,,,,,,
einfroren,einfroren,LOC,-0.70000000,0.00000000,de,1.00000000,,0,,,,,,
Niagarafälle,Niagarafälle,LOC,-0.70000000,0.00000000,de,1.00000000,4117863-4,6087891,H,43.08342000,-79.06627000,NORTH-AMERICA,United States,ENA
Winternotprogramms,Winternotprogramms,LOC,0.00000000,0.00000000,de,1.00000000,,0,,,,,,
Punta…,Punta…,LOC,-0.35000000,0.50000000,de,1.00000000,,0,,,,,,
Grönland,Grönland,LOC,1.00000000,0.00000000,de,1.00000000,4022113-1,3425505,A,72.00000000,-40.00000000,POLAR,Greenland,GIC
Wasserhaushalt,Wasserhaushalt,LOC,0.00000000,0.00000000,de,1.00000000,,0,,,,,,
Murwillumbah,Murwillumbah,LOC,1.00000000,0.00000000,de,1.00000000,1038039177,2156049,P,-28.32732000,153.39339000,OCEANIA,Australia,EAU
Busch,Busch,LOC,-1.00000000,0.00000000,de,1.00000000,,2113372,U,27.66667000,161.83333000,PACIFIC,,NPO
Concepción,Concepción,LOC,0.00000000,0.00000000,de,1.00000000,4244530-9,3893894,P,-36.82699000,-73.04977000,SOUTH-AMERICA,Chile,SWS
Florida,Florida,LOC,0.00000000,0.00000000,de,1.00000000,4017585-6,12217087,L,26.50000000,-81.00000000,NORTH-AMERICA,United States,ENA
Nuble,Nuble,LOC,0.00000000,0.00000000,de,1.00000000,,11979367,A,-36.62291000,-72.21643000,SOUTH-AMERICA,Chile,SWS
Gepäckkosten,Gepäckkosten,LOC,0.00000000,0.00000000,de,1.00000000,,0,,,,,,
Vorsaison,Vorsaison,LOC,0.00000000,0.00000000,de,1.00000000,,0,,,,,,
Bundes-Sondervermögens,Bundes-Sondervermögens,LOC,0.00000000,0.00000000,de,1.00000000,,0,,,,,,
Jänner,Jänner,LOC,-0.35000000,0.50000000,de,1.00000000,,2895197,T,47.57568000,13.02088000,EUROPE,Germany,WCE
Klimawandel-Forschungscommunity,Klimawandel-Forschungscommunity,LOC,0.00000000,1.00000000,de,1.00000000,,0,,,,,,
Chubut,Chubut,LOC,0.00000000,0.00000000,de,1.00000000,,3861244,A,-44.00000000,-69.00000000,SOUTH-AMERICA,Argentina,SSA
Du,Du,LOC,-0.70000000,0.00000000,de,1.00000000,4069617-0,2290956,P,7.69385000,-5.03031000,AFRICA,Ivory Coast,WAF
Weideland,Weideland,LOC,0.00000000,0.00000000,de,1.00000000,,0,,,,,,
Irland,Irland,LOC,0.00000000,0.00000000,de,1.00000000,4027667-3,2963597,A,53.00000000,-8.00000000,EUROPE,Ireland,NEU
Oisín McKenna,Oisín McKenna,LOC,0.00000000,0.00000000,de,1.00000000,,0,,,,,,
Thüringenforst,Thüringenforst,LOC,0.00000000,0.00000000,de,1.00000000,,0,,,,,,
Themse,Themse,LOC,0.00000000,0.00000000,de,1.00000000,,0,,,,,,
Grüne-Fraktion,Grüne-Fraktion,LOC,0.00000000,0.00000000,de,1.00000000,,0,,,,,,
Götzis Alarm,Götzis Alarm,LOC,0.00000000,0.00000000,de,1.00000000,,0,,,,,,
Landesprogramm Klim…,Landesprogramm Klim…,LOC,0.00000000,0.00000000,de,1.00000000,,0,,,,,,
Havanna,Havanna,LOC,0.00000000,0.00000000,de,1.00000000,4023865-9,3553478,P,23.13302000,-82.38304000,CENTRAL-AMERICA,Cuba,CAR
Karibik,Karibik,LOC,0.00000000,0.00000000,de,1.00000000,4073241-1,7729891,L,20.38583000,-72.33398000,CENTRAL-AMERICA,,CAR
Südamerika,Südamerika,LOC,0.00000000,0.00000000,de,1.00000000,4078014-4,6255150,L,-14.60485000,-57.65625000,SOUTH-AMERICA,Brazil,SAM
ausgerufe…,ausgerufe…,LOC,-0.70000000,0.00000000,de,1.00000000,,0,,,,,,
Neuquen un…,Neuquen un…,LOC,0.00000000,0.00000000,de,1.00000000,,0,,,,,,
Rio Negro,Rio Negro,LOC,0.00000000,0.00000000,de,1.00000000,,3838830,A,-40.00000000,-67.00000000,SOUTH-AMERICA,Argentina,SES
Berliner Abgeordnetenhaus,Berliner Abgeordnetenhaus,LOC,0.00000000,0.00000000,de,1.00000000,,0,,,,,,
Schwarz-Rot,Schwarz-Rot,LOC,-1.00000000,0.00000000,de,1.00000000,,0,,,,,,
Abgeordnetenhaus da,Abgeordnetenhaus da,LOC,0.00000000,0.00000000,de,1.00000000,,0,,,,,,
F.A.Z.-Hauptwache,F.A.Z.-Hauptwache,LOC,0.00000000,0.00000000,de,1.00000000,,0,,,,,,
Grüner Strom,Grüner Strom,LOC,1.00000000,0.00000000,de,1.00000000,,0,,,,,,
Jahrhundertmitte,Jahrhundertmitte,LOC,0.00000000,0.00000000,de,1.00000000,,0,,,,,,
Louvre,Louvre,LOC,0.00000000,0.00000000,de,1.00000000,,2997319,S,48.86102000,2.33587000,EUROPE,France,WCE
Louvre-Museum,Louvre-Museum,LOC,0.00000000,0.00000000,de,1.00000000,,2997319,S,48.86102000,2.33587000,EUROPE,France,WCE
Bezirk Schwaz,Bezirk Schwaz,LOC,0.00000000,0.00000000,de,1.00000000,4053811-4,2765389,A,47.26667000,11.76667000,EUROPE,Austria,WCE
Uderns,Uderns,LOC,0.00000000,0.00000000,de,1.00000000,4625629-5,7872638,A,47.31502000,11.85193000,EUROPE,Austria,WCE
Zillertal,Zillertal,LOC,0.00000000,0.00000000,de,1.00000000,4109019-6,7602524,L,47.24321000,12.02490000,EUROPE,Austria,WCE
Achs-Photovoltaik,Achs-Photovoltaik,LOC,0.00000000,1.00000000,de,1.00000000,,0,,,,,,
Extreme,Extreme,LOC,0.00000000,0.00000000,de,1.00000000,4258492-9,2228373,P,10.59095000,14.31593000,AFRICA,Cameroon,CAF
Oak Park,Oak Park,LOC,-0.70000000,0.00000000,de,1.00000000,,5004188,P,42.45948000,-83.18271000,NORTH-AMERICA,United States,ENA
Landwirtschaftskam…,Landwirtschaftskam…,LOC,0.00000000,0.00000000,de,1.00000000,,0,,,,,,
Handgelenk,Handgelenk,LOC,0.85000000,0.00000000,de,1.00000000,,0,,,,,,
Mittelmeerraum,Mittelmeerraum,LOC,-1.00000000,0.00000000,de,1.00000000,,0,,,,,,
Griechenland-Fans,Griechenland-Fans,LOC,0.00000000,0.00000000,de,1.00000000,,0,,,,,,
Touris,Touris,LOC,0.00000000,0.00000000,de,1.00000000,,2262549,P,38.90726000,-7.53425000,EUROPE-AFRICA,Portugal,MED
Top-Urlaubsziele,Top-Urlaubsziele,LOC,0.00000000,0.00000000,de,1.00000000,,0,,,,,,
Israels,Israels,LOC,0.00000000,0.00000000,de,1.00000000,,4832418,T,43.24398000,-70.58866000,NORTH-AMERICA,United States,ENA
Wasserstoffkerne,Wasserstoffkerne,LOC,0.70000000,0.00000000,de,1.00000000,,0,,,,,,
Reaktion di…,Reaktion di…,LOC,0.00000000,0.00000000,de,1.00000000,,0,,,,,,
Schmelzwasser,Schmelzwasser,LOC,0.00000000,0.00000000,de,1.00000000,,0,,,,,,
Glatteis,Glatteis,LOC,0.00000000,0.00000000,de,1.00000000,,0,,,,,,
Sturm,Sturm,LOC,0.00000000,0.00000000,de,1.00000000,,6626207,T,-71.05000000,162.96667000,POLAR,Antarctica,EAN
Fenchel,Fenchel,LOC,0.00000000,0.00000000,de,1.00000000,,4856525,H,42.62971000,-91.56904000,NORTH-AMERICA,United States,CNA
Möhren,Möhren,LOC,0.00000000,0.00000000,de,1.00000000,4115174-4,2870148,P,48.93543000,10.87277000,EUROPE,Germany,WCE
Nordamerikas,Nordamerikas,LOC,0.00000000,0.00000000,de,1.00000000,,0,,,,,,
San Francisco,San Francisco,LOC,0.00000000,0.00000000,de,1.00000000,4344631-0,3600949,P,14.08180000,-87.20681000,CENTRAL-AMERICA,Honduras,SCA
Japantown,Japantown,LOC,0.00000000,0.00000000,de,1.00000000,,6947911,L,37.78450000,-122.43100000,NORTH-AMERICA,United States,WNA
Sandwich,Sandwich,LOC,0.00000000,0.00000000,de,1.00000000,10072912-5,3474415,A,-56.00000000,-33.00000000,SOUTHERN,South Georgia and South Sandwich Islands,SOO
Sushi,Sushi,LOC,0.00000000,0.00000000,de,1.00000000,,485984,P,56.32461000,51.09862000,EUROPE,Russia,EEU
Brüsseler Ratsgebäude,Brüsseler Ratsgebäude,LOC,0.00000000,0.00000000,de,1.00000000,,0,,,,,,
EU-Regeln,EU-Regeln,LOC,0.00000000,0.00000000,de,1.00000000,,0,,,,,,
Strategielosigkeit,Strategielosigkeit,LOC,0.00000000,0.00000000,de,1.00000000,,0,,,,,,
Bezirk Steglitz-Zehlendorf,Bezirk Steglitz-Zehlendorf,LOC,0.00000000,0.00000000,de,1.00000000,,2805059,P,52.43333000,13.25000000,EUROPE,Germany,WCE
Auftrag,Auftrag,LOC,0.00000000,0.00000000,de,1.00000000,,0,,,,,,
Lobzang D…,Lobzang D…,LOC,0.00000000,0.00000000,de,1.00000000,,0,,,,,,
Händewaschen,Händewaschen,LOC,0.00000000,0.00000000,de,1.00000000,,0,,,,,,
Wassermangel,Wassermangel,LOC,0.00000000,0.00000000,de,1.00000000,,7911102,P,51.33281000,6.95615000,EUROPE,Germany,WCE
Miyun,Miyun,LOC,0.00000000,0.00000000,de,1.00000000,,2035740,A,40.53013000,116.98730000,ASIA,China,EAS
Müggelsee,Müggelsee,LOC,0.00000000,0.00000000,de,1.00000000,,2916161,H,52.43781000,13.64981000,EUROPE,Germany,WCE
Münchner Flughafen,Münchner Flughafen,LOC,0.00000000,0.00000000,de,1.00000000,,0,,,,,,
Polizeihubschrauber,Polizeihubschrauber,LOC,0.00000000,0.00000000,de,1.00000000,,0,,,,,,
Drohnen-Alarm,Drohnen-Alarm,LOC,0.00000000,0.00000000,de,1.00000000,,0,,,,,,
Bregenz,Bregenz,LOC,0.00000000,0.00000000,de,1.00000000,1081844590,2781503,P,47.50311000,9.74710000,EUROPE,Austria,WCE
Gestein,Gestein,LOC,0.00000000,0.00000000,de,1.00000000,,0,,,,,,
Gletscher-Sterben,Gletscher-Sterben,LOC,-0.23333333,0.00000000,de,1.00000000,,0,,,,,,
Tokio,Tokio,LOC,0.70000000,0.00000000,de,1.00000000,4078337-6,1850147,P,35.68950000,139.69171000,ASIA,Japan,EAS
Hochdruck,Hochdruck,LOC,0.00000000,0.00000000,de,1.00000000,,0,,,,,,
Passau,Passau,LOC,-1.40000000,0.00000000,de,1.00000000,4044828-9,2855328,P,48.56650000,13.43122000,EUROPE,Germany,WCE
Taiwan,Taiwan,LOC,0.00000000,0.00000000,de,1.00000000,4017875-4,1668284,A,24.00000000,121.00000000,ASIA,Taiwan,EAS
Luftraums,Luftraums,LOC,0.00000000,0.00000000,de,1.00000000,,0,,,,,,
Flughafen Kopenhagen,Flughafen Kopenhagen,LOC,0.00000000,0.00000000,de,1.00000000,4658816-4,2619034,S,55.61792000,12.65597000,EUROPE,Denmark,NEU
Drohnenalarm,Drohnenalarm,LOC,0.00000000,0.00000000,de,1.00000000,,0,,,,,,
Lösungen,Lösungen,LOC,1.00000000,0.00000000,de,1.00000000,,0,,,,,,
Oslo,Oslo,LOC,-1.00000000,0.00000000,de,1.00000000,1013733-6,3143244,P,59.91273000,10.74609000,EUROPE,Norway,NEU
Flughafen!,Flughafen!,LOC,1.40000000,0.00000000,de,1.00000000,,0,,,,,,
Havel,Havel,LOC,0.00000000,0.00000000,de,1.00000000,4023868-4,2908646,H,52.87510000,12.00459000,EUROPE,Germany,WCE
Statistische Bundesamt am Dienstag,Statistische Bundesamt am Dienstag,LOC,0.00000000,0.00000000,de,1.00000000,,0,,,,,,
Äthiopien,Äthiopien,LOC,0.00000000,0.00000000,de,1.00000000,4000639-6,337996,A,9.00000000,39.50000000,AFRICA,Ethiopia,NEAF
Sterbefälle,Sterbefälle,LOC,0.00000000,0.00000000,de,1.00000000,,0,,,,,,
Universums im Urknall,Universums im Urknall,LOC,0.00000000,0.00000000,de,1.00000000,,0,,,,,,
Nebel,Nebel,LOC,-0.70000000,0.00000000,de,1.00000000,,12152659,S,56.37689000,107.07058000,ASIA,Russia,ESB
DFB-Fans,DFB-Fans,LOC,-1.00000000,0.00000000,de,1.00000000,,0,,,,,,
WM-Debatte,WM-Debatte,LOC,-1.00000000,0.00000000,de,1.00000000,,0,,,,,,
Jahrtausenden,Jahrtausenden,LOC,1.00000000,0.00000000,de,1.00000000,,0,,,,,,
Essen,Essen,LOC,0.00000000,1.00000000,de,1.00000000,4015557-2,2928810,P,51.45657000,7.01228000,EUROPE,Germany,WCE
Sizilien,Sizilien,LOC,0.00000000,0.00000000,de,1.00000000,4055193-3,2523118,T,37.62304000,13.93457000,EUROPE-AFRICA,Italy,MED
Britischen Inseln,Britischen Inseln,LOC,0.70000000,0.00000000,de,1.00000000,,0,,,,,,
sol…,sol…,LOC,0.00000000,1.00000000,de,1.00000000,,0,,,,,,
MQ,MQ,LOC,0.00000000,1.00000000,de,1.00000000,,3496393,L,21.00000000,-86.00000000,CENTRAL-AMERICA,,SCA
Haupthofs,Haupthofs,LOC,0.00000000,0.00000000,de,1.00000000,,0,,,,,,
Museumsquartier,Museumsquartier,LOC,0.00000000,0.00000000,de,1.00000000,,6354987,S,48.20328000,16.35783000,EUROPE,Austria,WCE
Blauen Nil,Blauen Nil,LOC,0.00000000,0.00000000,de,1.00000000,,0,,,,,,
Äthiopiens,Äthiopiens,LOC,0.00000000,0.00000000,de,1.00000000,,0,,,,,,
Sonnenkorona,Sonnenkorona,LOC,1.00000000,0.00000000,de,1.00000000,,0,,,,,,
Newcastle,Newcastle,LOC,1.00000000,0.00000000,de,1.00000000,4117860-9,2641673,P,54.97328000,-1.61396000,EUROPE,United Kingdom,NEU
Bürgerschaft,Bürgerschaft,LOC,-0.70000000,0.00000000,de,1.00000000,,0,,,,,,
Meßstetten,Meßstetten,LOC,-0.70000000,0.00000000,de,1.00000000,4038848-7,2871601,P,48.18317000,8.96565000,EUROPE,Germany,WCE
Potsdamer Stadtverordneten,Potsdamer Stadtverordneten,LOC,0.70000000,0.00000000,de,1.00000000,,0,,,,,,
Berliner Landgerichts,Berliner Landgerichts,LOC,-1.00000000,0.00000000,de,1.00000000,,0,,,,,,
Planeten,Planeten,LOC,0.00000000,1.00000000,de,1.00000000,,0,,,,,,
Haiti,Haiti,LOC,0.00000000,0.00000000,de,1.00000000,4022974-9,3723988,A,19.07582000,-72.29616000,CENTRAL-AMERICA,Haiti,CAR
Entwicklungsstaaten,Entwicklungsstaaten,LOC,0.00000000,0.00000000,de,1.00000000,,0,,,,,,
Chinas CO2-Emissionen,Chinas CO2-Emissionen,LOC,0.00000000,0.00000000,de,1.00000000,,0,,,,,,
Herbstzeit,Herbstzeit,LOC,0.00000000,0.00000000,de,1.00000000,,0,,,,,,
Schwäbischen Alb,Schwäbischen Alb,LOC,0.00000000,0.00000000,de,1.00000000,,0,,,,,,
Mini-Windräder,Mini-Windräder,LOC,0.00000000,0.00000000,de,1.00000000,,0,,,,,,
Tor der Bundeswehr,Tor der Bundeswehr,LOC,0.00000000,0.00000000,de,1.00000000,,0,,,,,,
Belem,Belem,LOC,0.70000000,0.00000000,de,1.00000000,4208294-8,3405870,P,-1.45583000,-48.50444000,SOUTH-AMERICA,Brazil,NES
Weltklimakonferenz,Weltklimakonferenz,LOC,0.00000000,0.00000000,de,1.00000000,,0,,,,,,
Klim... Belém,Klim... Belém,LOC,0.00000000,0.00000000,de,1.00000000,,0,,,,,,
Konfliktregionen,Konfliktregionen,LOC,0.00000000,0.00000000,de,1.00000000,,0,,,,,,
Amazonas-Metropole Belém,Amazonas-Metropole Belém,LOC,0.00000000,0.00000000,de,1.00000000,,0,,,,,,
Stauseen,Stauseen,LOC,-0.92500000,0.00000000,de,1.00000000,,0,,,,,,
Katar,Katar,LOC,0.00000000,0.00000000,de,1.00000000,4029924-7,289688,A,25.50000000,51.25000000,ASIA,Qatar,ARP
halbe Land,halbe Land,LOC,0.00000000,0.00000000,de,1.00000000,4403736-3,2911691,P,52.11667000,13.70000000,EUROPE,Germany,WCE
Celsius,Celsius,LOC,0.00000000,0.00000000,de,1.00000000,,3424134,T,73.11667000,-23.25000000,POLAR,Greenland,GIC
Nordhälfte,Nordhälfte,LOC,1.00000000,0.00000000,de,1.00000000,,0,,,,,,
Landesvorstandes,Landesvorstandes,LOC,0.00000000,0.00000000,de,1.00000000,,0,,,,,,
Nachschiebeliste,Nachschiebeliste,LOC,0.00000000,0.00000000,de,1.00000000,,0,,,,,,
Schuldenkrise,Schuldenkrise,LOC,-0.70000000,0.00000000,de,1.00000000,,0,,,,,,
Bangladesch,Bangladesch,LOC,0.00000000,0.00000000,de,1.00000000,4130903-0,1210997,A,24.00000000,90.00000000,ASIA,Bangladesh,SAS
Haus der Kopf,Haus der Kopf,LOC,0.00000000,0.00000000,de,1.00000000,,0,,,,,,
Dreck,Dreck,LOC,0.00000000,0.00000000,de,1.00000000,,4142120,H,38.96595000,-75.33714000,NORTH-AMERICA,United States,ENA
Strandbesuch am Toten Meer,Strandbesuch am Toten Meer,LOC,-1.00000000,0.00000000,de,1.00000000,,0,,,,,,
Toten Meer,Toten Meer,LOC,0.00000000,0.00000000,de,1.00000000,,0,,,,,,
Teherans,Teherans,LOC,0.00000000,0.00000000,de,1.00000000,,0,,,,,,
Islamischen Republik Iran,Islamischen Republik Iran,LOC,0.00000000,0.00000000,de,1.00000000,,0,,,,,,
Israel,Israel,LOC,0.00000000,0.00000000,de,1.00000000,4027808-6,294640,A,31.50000000,34.75000000,EUROPE-AFRICA,Israel,MED
Deutschland</li><li,Deutschland</li><li,LOC,0.15000000,0.00000000,de,1.00000000,,0,,,,,,
Klimaprotest,Klimaprotest,LOC,0.00000000,0.00000000,de,1.00000000,,0,,,,,,
Komet 3I/Atlas,Komet 3I/Atlas,LOC,0.00000000,0.00000000,de,1.00000000,,0,,,,,,
Volksrepublik,Volksrepublik,LOC,0.00000000,0.00000000,de,1.00000000,4075468-6,1873107,A,40.00000000,127.00000000,ASIA,North Korea,EAS
Ettelaat,Ettelaat,LOC,0.00000000,0.00000000,de,1.00000000,,0,,,,,,
Maschhad,Maschhad,LOC,0.00000000,0.00000000,de,1.00000000,4115118-5,124665,P,36.29807000,59.60567000,ASIA,Iran,WCA
COP30,COP30,LOC,0.00000000,0.00000000,de,1.00000000,,0,,,,,,
Schattenparkens,Schattenparkens,LOC,0.00000000,0.00000000,de,1.00000000,,0,,,,,,
Brücke…,Brücke…,LOC,0.00000000,0.00000000,de,1.00000000,,0,,,,,,
Herbstferien,Herbstferien,LOC,-0.70000000,0.00000000,de,1.00000000,,0,,,,,,
Garmisch,Garmisch,LOC,0.00000000,0.00000000,de,1.00000000,4019275-1,2922530,P,47.49209000,11.09576000,EUROPE,Germany,WCE
Söder,Söder,LOC,0.00000000,0.00000000,de,1.00000000,7536603-4,2676209,P,59.31278000,18.07577000,EUROPE,Sweden,NEU
Heizwärme,Heizwärme,LOC,1.00000000,0.00000000,de,1.00000000,,0,,,,,,
Heizkurve,Heizkurve,LOC,0.56666667,0.33333333,de,1.00000000,,0,,,,,,
Sommerfeeling,Sommerfeeling,LOC,0.00000000,0.00000000,de,1.00000000,,0,,,,,,
Malta,Malta,LOC,0.00000000,0.00000000,de,1.00000000,508790-9,2562770,A,35.91667000,14.43333000,EUROPE-AFRICA,Malta,MED
Fuerteventura,Fuerteventura,LOC,0.00000000,0.00000000,de,1.00000000,4018826-7,6297185,S,28.45272000,-13.86376000,AFRICA,Spain,SAH
Dax,Dax,LOC,0.00000000,0.00000000,de,1.00000000,1214333-9,3021670,P,43.71032000,-1.05366000,EUROPE-AFRICA,France,MED
haben.weiterlesen,haben.weiterlesen,LOC,0.00000000,0.00000000,de,1.00000000,,0,,,,,,
Chemie-Chef,Chemie-Chef,LOC,1.00000000,0.00000000,de,1.00000000,,0,,,,,,
Römer,Römer,LOC,-0.70000000,0.00000000,de,1.00000000,,3198863,H,44.91062000,19.75835000,EUROPE-AFRICA,Serbia,MED
Herzinfarkte,Herzinfarkte,LOC,0.00000000,1.00000000,de,1.00000000,,0,,,,,,
Burggartens,Burggartens,LOC,0.00000000,0.00000000,de,1.00000000,,0,,,,,,
Klimafaktenpapier,Klimafaktenpapier,LOC,1.00000000,0.00000000,de,1.00000000,,0,,,,,,
Hitzesommer,Hitzesommer,LOC,0.00000000,0.00000000,de,1.00000000,,0,,,,,,
Getränke-Produktion,Getränke-Produktion,LOC,0.00000000,0.00000000,de,1.00000000,,0,,,,,,
Bodens,Bodens,LOC,0.00000000,0.00000000,de,1.00000000,,606530,A,66.04393000,21.29977000,EUROPE,Sweden,NEU
Baruth/Mark,Baruth/Mark,LOC,-0.70000000,0.00000000,de,1.00000000,4550655-3,7602464,A,52.05000000,13.50000000,EUROPE,Germany,WCE
Trockenperiode …,Trockenperiode …,LOC,0.00000000,0.00000000,de,1.00000000,,0,,,,,,
Steinen,Steinen,LOC,0.70000000,0.00000000,de,1.00000000,,2658488,P,47.04975000,8.61214000,EUROPE,Switzerland,WCE
Bermuda-Dreieck,Bermuda-Dreieck,LOC,0.00000000,0.00000000,de,1.00000000,,0,,,,,,
Bahnhof,Bahnhof,LOC,0.00000000,0.00000000,de,1.00000000,,2761346,S,48.22568000,16.36105000,EUROPE,Austria,WCE
Kronberg im Taunus,Kronberg im Taunus,LOC,1.00000000,0.00000000,de,1.00000000,4033265-2,2883754,P,50.18100000,8.51300000,EUROPE,Germany,WCE
Taunus,Taunus,LOC,1.00000000,0.00000000,de,1.00000000,4025498-7,2902533,P,50.09019000,8.44930000,EUROPE,Germany,WCE
Verkehrswende im Taunus,Verkehrswende im Taunus,LOC,1.00000000,0.00000000,de,1.00000000,,0,,,,,,
Bahnchaos,Bahnchaos,LOC,1.00000000,0.00000000,de,1.00000000,,0,,,,,,
Landeck,Landeck,LOC,0.00000000,0.00000000,de,1.00000000,4098984-7,2773069,A,47.12575000,10.56679000,EUROPE,Austria,WCE
Erl,Erl,LOC,0.00000000,0.00000000,de,1.00000000,4015298-4,7873648,A,47.69897000,12.21398000,EUROPE,Austria,WCE
Berliner Baumgesetzes,Berliner Baumgesetzes,LOC,0.00000000,0.00000000,de,1.00000000,,0,,,,,,
Winterflucht Gran Canaria,Winterflucht Gran Canaria,LOC,0.00000000,0.00000000,de,1.00000000,,0,,,,,,
Boden,Boden,LOC,0.00000000,0.00000000,de,1.00000000,,12683357,A,20.25975000,82.52063000,ASIA,India,SAS
Raiding,Raiding,LOC,0.00000000,0.00000000,de,1.00000000,4104840-4,2768071,P,47.56581000,16.53056000,EUROPE,Austria,WCE
Bagger,Bagger,LOC,0.00000000,0.00000000,de,1.00000000,,2279048,P,6.58383000,-10.29944000,AFRICA,Liberia,WAF
Schamanin,Schamanin,LOC,0.00000000,0.00000000,de,1.00000000,,0,,,,,,
Rechnungshof,Rechnungshof,LOC,-1.00000000,0.00000000,de,1.00000000,,12261389,S,48.21243000,16.38765000,EUROPE,Austria,WCE
Nachbarn Deutschland,Nachbarn Deutschland,LOC,-1.00000000,0.00000000,de,1.00000000,,0,,,,,,
Netze,Netze,LOC,0.00000000,0.00000000,de,1.00000000,,2866320,H,51.17537000,9.10309000,EUROPE,Germany,WCE
Hakodate,Hakodate,LOC,0.00000000,0.00000000,de,1.00000000,4481747-2,2130188,P,41.77583000,140.73667000,ASIA,Japan,EAS
Hitzewellen un…,Hitzewellen un…,LOC,0.00000000,0.00000000,de,1.00000000,,0,,,,,,
Sonnenbrand,Sonnenbrand,LOC,1.00000000,0.00000000,de,1.00000000,,0,,,,,,
Erkrankungendeu…,Erkrankungendeu…,LOC,0.70000000,0.00000000,de,1.00000000,,0,,,,,,
Waldfonds,Waldfonds,LOC,0.00000000,0.00000000,de,1.00000000,,0,,,,,,
Stadt Feldkirch,Stadt Feldkirch,LOC,0.70000000,0.00000000,de,1.00000000,,0,,,,,,
Tem…,Tem…,LOC,0.00000000,0.00000000,de,1.00000000,,0,,,,,,
Berliner Theater,Berliner Theater,LOC,0.00000000,0.00000000,de,1.00000000,,10279108,S,52.51830000,13.43969000,EUROPE,Germany,WCE
Parfums,Parfums,LOC,0.00000000,0.00000000,de,1.00000000,,1058090,T,-13.31421000,48.25899000,AFRICA,Madagascar,MDG
Innenräumen,Innenräumen,LOC,0.00000000,0.00000000,de,1.00000000,,0,,,,,,
Staatlichen Schlösser,Staatlichen Schlösser,LOC,0.00000000,0.00000000,de,1.00000000,,0,,,,,,
Panikmodus,Panikmodus,LOC,-1.00000000,0.00000000,de,1.00000000,,0,,,,,,
Mieter,Mieter,LOC,0.00000000,0.00000000,de,1.00000000,,0,,,,,,
East Side Gallery,East Side Gallery,LOC,0.00000000,0.00000000,de,1.00000000,,6944061,S,52.50310000,13.44470000,EUROPE,Germany,WCE
Expertenrat,Expertenrat,LOC,0.70000000,0.00000000,de,1.00000000,,0,,,,,,
Gerlach,Gerlach,LOC,0.00000000,1.00000000,de,1.00000000,,724786,T,49.16436000,20.13369000,EUROPE,Slovakia,WCE
Telangana…,Telangana…,LOC,0.00000000,0.00000000,de,1.00000000,,0,,,,,,
Tela…,Tela…,LOC,0.00000000,0.00000000,de,1.00000000,,0,,,,,,
hohen UV-Werten,hohen UV-Werten,LOC,-0.70000000,0.00000000,de,1.00000000,,0,,,,,,
Dienstag Temperaturen,Dienstag Temperaturen,LOC,-0.70000000,0.00000000,de,1.00000000,,0,,,,,,
Zverev,Zverev,LOC,0.00000000,0.00000000,de,1.00000000,,686789,P,50.78333000,25.56667000,EUROPE,Ukraine,WCE
Świątek,Świątek,LOC,0.00000000,0.00000000,de,1.00000000,,0,,,,,,
Lys,Lys,LOC,0.00000000,0.00000000,de,1.00000000,,3038393,P,50.63871000,2.39876000,EUROPE,France,WCE
Ruud,Ruud,LOC,0.00000000,0.00000000,de,1.00000000,,5606042,T,43.70574000,-114.33116000,NORTH-AMERICA,United States,WNA
Kreis…,Kreis…,LOC,0.00000000,0.00000000,de,1.00000000,,0,,,,,,
Ostprignitz-Ruppin,Ostprignitz-Ruppin,LOC,0.00000000,0.00000000,de,1.00000000,4041908-3,2864276,P,52.92815000,12.80311000,EUROPE,Germany,WCE
Prignitz,Prignitz,LOC,0.00000000,0.00000000,de,1.00000000,4047245-0,2852047,L,53.00000000,12.00000000,EUROPE,Germany,WCE
Royal Botanic Gardens,Royal Botanic Gardens,LOC,0.00000000,0.00000000,de,1.00000000,,6697863,L,51.47875000,-0.29557000,EUROPE,United Kingdom,NEU
te…,te…,LOC,0.00000000,0.00000000,de,1.00000000,,0,,,,,,
Vereinigte Königreich,Vereinigte Königreich,LOC,0.00000000,0.00000000,de,1.00000000,4022153-2,2635167,A,54.75844000,-2.69531000,EUROPE,United Kingdom,NEU
Heathrow in,Heathrow in,LOC,0.00000000,0.00000000,de,1.00000000,,0,,,,,,
Plauderlaune,Plauderlaune,LOC,1.00000000,0.00000000,de,1.00000000,,0,,,,,,
Sieg,Sieg,LOC,0.00000000,0.00000000,de,1.00000000,,3037301,P,43.34152000,-0.99605000,EUROPE-AFRICA,France,MED
Muskauer Heide,Muskauer Heide,LOC,-0.70000000,0.00000000,de,1.00000000,1026106125,2867379,V,51.45000000,14.71667000,EUROPE,Germany,WCE
Charlottenstraße …,Charlottenstraße …,LOC,0.00000000,0.00000000,de,1.00000000,,0,,,,,,
Badehose,Badehose,LOC,0.00000000,0.00000000,de,1.00000000,,0,,,,,,
Hallenbad,Hallenbad,LOC,0.70000000,0.00000000,de,1.00000000,,12005755,L,46.72799000,7.67173000,EUROPE,Switzerland,WCE
Stadtpark,Stadtpark,LOC,0.00000000,0.00000000,de,1.00000000,,3322730,L,48.20458000,16.38009000,EUROPE,Austria,WCE
Tschernobyl,Tschernobyl,LOC,0.00000000,0.00000000,de,1.00000000,4127036-8,710403,P,51.27013000,30.21968000,EUROPE,Ukraine,WCE
Sperrzone,Sperrzone,LOC,0.00000000,0.00000000,de,1.00000000,,0,,,,,,
Hektar Wald,Hektar Wald,LOC,0.00000000,0.00000000,de,1.00000000,,0,,,,,,
Commonwea…,Commonwea…,LOC,0.70000000,0.00000000,de,1.00000000,,0,,,,,,
AUSTIN,AUSTIN,LOC,0.70000000,0.00000000,de,1.00000000,4079879-3,4671654,P,30.26715000,-97.74306000,NORTH-AMERICA,United States,CNA
Bad Sal…,Bad Sal…,LOC,-0.70000000,0.00000000,de,1.00000000,,0,,,,,,
Klimahain,Klimahain,LOC,0.00000000,0.00000000,de,1.00000000,,0,,,,,,
lby,lby,LOC,0.00000000,0.00000000,de,1.00000000,,7898825,T,50.38527000,109.87245000,ASIA,Russia,ESB
Regenschirm,Regenschirm,LOC,0.00000000,0.00000000,de,1.00000000,,0,,,,,,
Wielenbach,Wielenbach,LOC,0.00000000,0.00000000,de,1.00000000,4108137-7,2809489,P,47.87405000,11.15918000,EUROPE,Germany,WCE
Tür,Tür,LOC,0.00000000,0.00000000,de,1.00000000,,8046331,L,42.46374000,79.11656000,ASIA,Kyrgyzstan,ECA
waldnahen,waldnahen,LOC,-0.15000000,0.00000000,de,1.00000000,,0,,,,,,
Rauch,Rauch,LOC,0.00000000,0.00000000,de,1.00000000,,3429601,A,-36.58333000,-58.83333000,SOUTH-AMERICA,Argentina,SES
Katastrophenszenarien,Katastrophenszenarien,LOC,0.85000000,0.00000000,de,1.00000000,,0,,,,,,
Österreicherinnen,Österreicherinnen,LOC,1.00000000,0.00000000,de,1.00000000,,0,,,,,,
Geldstrafen,Geldstrafen,LOC,-1.00000000,0.00000000,de,1.00000000,,0,,,,,,
Monaten,Monaten,LOC,0.00000000,1.00000000,de,1.00000000,,0,,,,,,
Pole,Pole,LOC,0.00000000,0.00000000,de,1.00000000,4046496-9,798544,A,52.00000000,20.00000000,EUROPE,Poland,WCE
Dienstag be…,Dienstag be…,LOC,-1.00000000,0.00000000,de,1.00000000,,0,,,,,,
Trockenphase,Trockenphase,LOC,0.00000000,0.00000000,de,1.00000000,,0,,,,,,
Stunden am Tag,Stunden am Tag,LOC,0.50000000,0.50000000,de,1.00000000,,0,,,,,,
Klimast…,Klimast…,LOC,0.00000000,0.00000000,de,1.00000000,,0,,,,,,
Vorarlberger,Vorarlberger,LOC,0.00000000,0.00000000,de,1.00000000,,9794279,S,47.49360000,9.74498000,EUROPE,Austria,WCE
Bundeskabinett,Bundeskabinett,LOC,0.00000000,0.00000000,de,1.00000000,,0,,,,,,
Durchschummeln,Durchschummeln,LOC,0.00000000,0.00000000,de,1.00000000,,0,,,,,,
Kreuzberger Blücherplatz,Kreuzberger Blücherplatz,LOC,0.00000000,0.00000000,de,1.00000000,,0,,,,,,
Trockenheit Österreichs Wirtschaftsstandort,Trockenheit Österreichs Wirtschaftsstandort,LOC,-1.00000000,0.00000000,de,1.00000000,,0,,,,,,
Klimafragen,Klimafragen,LOC,0.00000000,0.00000000,de,1.00000000,,0,,,,,,
Finnland,Finnland,LOC,0.00000000,0.00000000,de,1.00000000,4017243-0,660013,A,64.00000000,26.00000000,EUROPE,Finland,NEU
Siegerentwur…,Siegerentwur…,LOC,0.00000000,0.00000000,de,1.00000000,,0,,,,,,
Radler,Radler,LOC,0.00000000,0.00000000,de,1.00000000,,2768110,S,46.91889000,13.46500000,EUROPE,Austria,WCE
Ludwigstraße,Ludwigstraße,LOC,0.00000000,0.00000000,de,1.00000000,,10104590,R,48.14829000,11.58023000,EUROPE,Germany,WCE
antarktischen Meereises,antarktischen Meereises,LOC,-0.70000000,0.00000000,de,1.00000000,,0,,,,,,
Südpolarmeer,Südpolarmeer,LOC,0.00000000,1.00000000,de,1.00000000,,0,,,,,,
Regimewechsel,Regimewechsel,LOC,0.00000000,1.00000000,de,1.00000000,,0,,,,,,
Darm,Darm,LOC,0.00000000,0.00000000,de,1.00000000,,9075959,L,28.36842000,58.42420000,ASIA,Iran,WCA
Magen-Darm-Beschwerden</li><li,Magen-Darm-Beschwerden</li><li,LOC,-0.66666667,0.33333333,de,1.00000000,,0,,,,,,
Regensburg an der Donau,Regensburg an der Donau,LOC,0.00000000,0.00000000,de,1.00000000,4108495-0,2806080,P,49.00093000,12.40539000,EUROPE,Germany,WCE
Nossen,Nossen,LOC,0.00000000,0.00000000,de,1.00000000,4042589-7,2861788,P,51.05798000,13.29652000,EUROPE,Germany,WCE
Schottland,Schottland,LOC,0.00000000,0.00000000,de,1.00000000,4021159-9,2648579,P,55.86515000,-4.25763000,EUROPE,United Kingdom,NEU
Arbeiterkammer,Arbeiterkammer,LOC,0.00000000,0.00000000,de,1.00000000,,0,,,,,,
Schneider,Schneider,LOC,0.00000000,0.00000000,de,1.00000000,,6624873,T,-82.57069000,-42.70138000,POLAR,Antarctica,EAN
Tempo-100-Schilder,Tempo-100-Schilder,LOC,0.00000000,0.00000000,de,1.00000000,,0,,,,,,
Ti…,Ti…,LOC,0.00000000,0.00000000,de,1.00000000,,0,,,,,,
Antalya,Antalya,LOC,0.00000000,0.00000000,de,1.00000000,4079795-8,323777,P,36.90812000,30.69556000,EUROPE-AFRICA,Turkey,MED
Ottendorf-Okrilla,Ottendorf-Okrilla,LOC,0.00000000,0.00000000,de,1.00000000,4427849-4,2856107,P,51.18333000,13.83333000,EUROPE,Germany,WCE
Freistaat Sachsen,Freistaat Sachsen,LOC,0.00000000,0.00000000,de,1.00000000,4051176-5,2842566,A,51.00000000,13.25000000,EUROPE,Germany,WCE
Kosslick,Kosslick,LOC,0.00000000,0.00000000,de,1.00000000,,0,,,,,,
Dächern,Dächern,LOC,0.00000000,0.00000000,de,1.00000000,,0,,,,,,
Hauswänden,Hauswänden,LOC,0.00000000,0.00000000,de,1.00000000,,0,,,,,,
Moospflanzen,Moospflanzen,LOC,0.00000000,0.00000000,de,1.00000000,,0,,,,,,
Bezirk Horn,Bezirk Horn,LOC,0.70000000,0.00000000,de,1.00000000,4340932-5,2660303,P,47.49425000,9.46246000,EUROPE,Switzerland,WCE
Japons,Japons,LOC,0.70000000,0.00000000,de,1.00000000,4803202-5,2038684,H,43.50000000,135.75000000,ASIA,,EAS
Horn,Horn,LOC,0.00000000,0.00000000,de,1.00000000,,11820342,L,9.00000000,47.99878000,AFRICA,Somalia,NEAF
Café Moskau,Café Moskau,LOC,0.00000000,0.00000000,de,1.00000000,,0,,,,,,
Oberösterreichs,Oberösterreichs,LOC,0.33333333,0.00000000,de,1.00000000,,0,,,,,,
Hiesl-Alm,Hiesl-Alm,LOC,0.33333333,0.00000000,de,1.00000000,,0,,,,,,
Spital am Pyhrn,Spital am Pyhrn,LOC,0.33333333,0.00000000,de,1.00000000,4056307-8,2764789,P,47.66487000,14.34014000,EUROPE,Austria,WCE
Bezirk Kirchdorf,Bezirk Kirchdorf,LOC,0.33333333,0.00000000,de,1.00000000,4228778-9,2774387,P,47.55626000,12.44511000,EUROPE,Austria,WCE
Islamabad,Islamabad,LOC,0.00000000,0.00000000,de,1.00000000,4245023-8,1176615,P,33.72148000,73.04329000,ASIA,Pakistan,WCA
Oberflächenwasser …,Oberflächenwasser …,LOC,0.00000000,0.00000000,de,1.00000000,,0,,,,,,
blattartigen Phylloide,blattartigen Phylloide,LOC,0.00000000,0.00000000,de,1.00000000,,0,,,,,,
Kelp,Kelp,LOC,0.00000000,0.00000000,de,1.00000000,,3426416,T,-54.16667000,-36.63333000,SOUTHERN,South Georgia and South Sandwich Islands,SOO
Illmitz,Illmitz,LOC,0.00000000,0.00000000,de,1.00000000,4357673-4,2775327,P,47.76148000,16.80024000,EUROPE,Austria,WCE
Seewinkel/Fertö Hansag,Seewinkel/Fertö Hansag,LOC,0.00000000,0.00000000,de,1.00000000,,0,,,,,,
Nationalpark Neusiedler See,Nationalpark Neusiedler See,LOC,0.00000000,0.00000000,de,1.00000000,,0,,,,,,
<strong,<strong,LOC,0.00000000,0.00000000,de,1.00000000,,0,,,,,,
Wechseljahre,Wechseljahre,LOC,0.00000000,0.00000000,de,1.00000000,,0,,,,,,
Hitzewallungen,Hitzewallungen,LOC,0.00000000,1.00000000,de,1.00000000,,0,,,,,,
Zwickau,Zwickau,LOC,0.00000000,0.00000000,de,1.00000000,4068262-6,2803560,P,50.72724000,12.48839000,EUROPE,Germany,WCE
Plauen,Plauen,LOC,0.00000000,0.00000000,de,1.00000000,4046334-5,2853292,P,50.49730000,12.13782000,EUROPE,Germany,WCE
Chemnitz,Chemnitz,LOC,0.00000000,0.00000000,de,1.00000000,2015221-8,2940132,P,50.83570000,12.92922000,EUROPE,Germany,WCE
Hitze-Check Mittelmaß“,Hitze-Check Mittelmaß“,LOC,0.00000000,0.00000000,de,1.00000000,,0,,,,,,
Ennstal,Ennstal,LOC,1.00000000,0.00000000,de,1.00000000,4014825-7,2780037,T,47.61667000,14.58333000,EUROPE,Austria,WCE
Fortschritte,Fortschritte,LOC,0.00000000,0.00000000,de,1.00000000,,0,,,,,,
Weltverband Wasserflaschen,Weltverband Wasserflaschen,LOC,0.00000000,0.00000000,de,1.00000000,,0,,,,,,
WM-Stadien,WM-Stadien,LOC,0.00000000,0.00000000,de,1.00000000,,0,,,,,,
Bleckede,Bleckede,LOC,0.00000000,0.00000000,de,1.00000000,4007091-8,6557440,A,53.30000000,10.73330000,EUROPE,Germany,WCE
Harz-Talsperren,Harz-Talsperren,LOC,0.00000000,0.00000000,de,1.00000000,,0,,,,,,
Haus“,Haus“,LOC,0.00000000,0.00000000,de,1.00000000,,0,,,,,,
Schädling,Schädling,LOC,0.00000000,0.00000000,de,1.00000000,,0,,,,,,
Landkreis Biberach,Landkreis Biberach,LOC,0.00000000,0.00000000,de,1.00000000,4006424-4,2949423,P,48.09345000,9.79053000,EUROPE,Germany,WCE
Mora,Mora,LOC,0.00000000,0.00000000,de,1.00000000,,3438115,P,-25.33860000,-57.52167000,SOUTH-AMERICA,Paraguay,SES
Klimawandel an der Küste,Klimawandel an der Küste,LOC,0.00000000,0.00000000,de,1.00000000,,0,,,,,,
Bilderbuch-Sommertage,Bilderbuch-Sommertage,LOC,0.00000000,0.00000000,de,1.00000000,,0,,,,,,
Hitzetagen,Hitzetagen,LOC,-1.00000000,0.00000000,de,1.00000000,,0,,,,,,
Starkregen“,Starkregen“,LOC,0.70000000,0.00000000,de,1.00000000,,0,,,,,,
Wetterdiensts Met Office,Wetterdiensts Met Office,LOC,1.00000000,0.00000000,de,1.00000000,,0,,,,,,
Tag am Strand,Tag am Strand,LOC,0.70000000,0.00000000,de,1.00000000,,0,,,,,,
Bournemouth,Bournemouth,LOC,0.70000000,0.00000000,de,1.00000000,4140811-1,2655095,P,50.72048000,-1.87950000,EUROPE,United Kingdom,NEU
Strandtag,Strandtag,LOC,0.00000000,0.00000000,de,1.00000000,,0,,,,,,
Dresdener Heide,Dresdener Heide,LOC,0.00000000,0.00000000,de,1.00000000,,2935019,V,51.09364000,13.83724000,EUROPE,Germany,WCE
in­nen,in­nen,LOC,0.00000000,0.00000000,de,1.00000000,,0,,,,,,
Alt Garge,Alt Garge,LOC,0.00000000,0.00000000,de,1.00000000,4193925-6,2957196,P,53.26284000,10.79143000,EUROPE,Germany,WCE
Sondervermögen,Sondervermögen,LOC,0.00000000,0.00000000,de,1.00000000,,0,,,,,,
Friedhofs-Artenvielfalt,Friedhofs-Artenvielfalt,LOC,-1.00000000,0.00000000,de,1.00000000,,0,,,,,,
Finanzministerium,Finanzministerium,LOC,0.00000000,0.00000000,de,1.00000000,,12261377,S,48.20956000,16.38626000,EUROPE,Austria,WCE
Verkehrsadern,Verkehrsadern,LOC,0.00000000,0.00000000,de,1.00000000,,0,,,,,,
Flughafen,Flughafen,LOC,0.00000000,0.00000000,de,1.00000000,,3208399,S,48.35378000,11.78609000,EUROPE,Germany,WCE
Rechenzentren,Rechenzentren,LOC,0.00000000,0.00000000,de,1.00000000,,0,,,,,,
Bankenviertel,Bankenviertel,LOC,0.00000000,0.00000000,de,1.00000000,,0,,,,,,
Frankfurts,Frankfurts,LOC,0.00000000,0.00000000,de,1.00000000,,6290293,S,50.04060000,8.55603000,EUROPE,Germany,WCE
BG/BRG Bruck an der Leitha,BG/BRG Bruck an der Leitha,LOC,1.00000000,0.00000000,de,1.00000000,,0,,,,,,
Umfrage,Umfrage,LOC,0.70000000,0.00000000,de,1.00000000,,0,,,,,,
Motorschaden,Motorschaden,LOC,0.00000000,0.00000000,de,1.00000000,,0,,,,,,
Australiens Regierung,Australiens Regierung,LOC,-0.70000000,0.00000000,de,1.00000000,,0,,,,,,
KI-Schwindel-Brille,KI-Schwindel-Brille,LOC,0.00000000,0.00000000,de,1.00000000,,0,,,,,,
Grünen-Fraktion,Grünen-Fraktion,LOC,-0.35000000,0.50000000,de,1.00000000,,0,,,,,,
Schweriner Landtag,Schweriner Landtag,LOC,-0.35000000,0.50000000,de,1.00000000,,0,,,,,,
Hirtenjahr…,Hirtenjahr…,LOC,0.00000000,0.00000000,de,1.00000000,,0,,,,,,
Brandschutz,Brandschutz,LOC,0.70000000,0.00000000,de,1.00000000,,0,,,,,,
Deichpflege,Deichpflege,LOC,0.70000000,0.00000000,de,1.00000000,,0,,,,,,
Cha…,Cha…,LOC,0.00000000,1.00000000,de,1.00000000,,0,,,,,,
Merkur,Merkur,LOC,1.00000000,0.00000000,de,1.00000000,,2871783,T,48.76445000,8.28073000,EUROPE,Germany,WCE
Pakistan,Pakistan,LOC,1.00000000,0.00000000,de,1.00000000,4075812-6,1168579,A,30.00000000,70.00000000,ASIA,Pakistan,WCA
Babelsberg,Babelsberg,LOC,1.00000000,0.00000000,de,1.00000000,4103249-4,2953775,P,52.39322000,13.09550000,EUROPE,Germany,WCE
Eiskristallen,Eiskristallen,LOC,-0.70000000,0.00000000,de,1.00000000,,0,,,,,,
Preußen,Preußen,LOC,0.00000000,0.00000000,de,1.00000000,4031541-1,554234,P,54.70639000,20.51102000,EUROPE,Russia,WCE
Thailands,Thailands,LOC,0.00000000,0.00000000,de,1.00000000,,0,,,,,,
Projektion,Projektion,LOC,0.00000000,1.00000000,de,1.00000000,,0,,,,,,
Hitzebelast…,Hitzebelast…,LOC,-0.70000000,0.00000000,de,1.00000000,,0,,,,,,
Ostdeutschland,Ostdeutschland,LOC,0.00000000,1.00000000,de,1.00000000,,0,,,,,,
Wolkendecke,Wolkendecke,LOC,0.00000000,0.00000000,de,1.00000000,,0,,,,,,
Bundesfinale,Bundesfinale,LOC,0.00000000,0.00000000,de,1.00000000,,0,,,,,,
Union-Gletscher,Union-Gletscher,LOC,0.00000000,0.00000000,de,1.00000000,,6627236,H,-79.75000000,-82.50000000,POLAR,Antarctica,WAN
Hitzeinseln,Hitzeinseln,LOC,0.00000000,1.00000000,de,1.00000000,,0,,,,,,
Döbling,Döbling,LOC,0.00000000,0.00000000,de,1.00000000,4070517-1,2600996,P,48.25000000,16.33333000,EUROPE,Austria,WCE
Bald-Oberbürgermeister,Bald-Oberbürgermeister,LOC,0.00000000,0.00000000,de,1.00000000,,0,,,,,,
US-Konzern,US-Konzern,LOC,-0.85000000,0.00000000,de,1.00000000,,0,,,,,,
Arnulfpark,Arnulfpark,LOC,-0.85000000,0.00000000,de,1.00000000,,10344079,S,48.14560000,11.53907000,EUROPE,Germany,WCE
Waldbrand-Einsätze,Waldbrand-Einsätze,LOC,0.70000000,0.00000000,de,1.00000000,,0,,,,,,
US-Emissionen,US-Emissionen,LOC,-1.00000000,0.00000000,de,1.00000000,,0,,,,,,
Ägäische Meer,Ägäische Meer,LOC,0.00000000,0.00000000,de,1.00000000,,0,,,,,,
Insel,Insel,LOC,0.00000000,0.00000000,de,1.00000000,,3426468,T,-54.89361000,-36.10250000,SOUTHERN,South Georgia and the South Sandwich Islands,SOO
Regenfälle,Regenfälle,LOC,0.70000000,0.00000000,de,1.00000000,,0,,,,,,
Nea Makri,Nea Makri,LOC,-1.00000000,0.00000000,de,1.00000000,7690241-9,256598,P,38.08733000,23.97642000,EUROPE-AFRICA,Greece,MED
Kaiserpinguine,Kaiserpinguine,LOC,-1.00000000,0.00000000,de,1.00000000,,0,,,,,,
Sonn…,Sonn…,LOC,0.00000000,0.00000000,de,1.00000000,,0,,,,,,
Wegesrand,Wegesrand,LOC,0.00000000,0.00000000,de,1.00000000,,0,,,,,,
Straßenrand,Straßenrand,LOC,0.70000000,0.00000000,de,1.00000000,,0,,,,,,
Flensburg,Flensburg,LOC,0.00000000,0.00000000,de,1.00000000,4017506-6,2926271,P,54.78805000,9.43722000,EUROPE,Germany,NEU
Felswänden,Felswänden,LOC,0.00000000,0.00000000,de,1.00000000,,0,,,,,,
Dubai,Dubai,LOC,0.00000000,1.00000000,de,1.00000000,4204044-9,292223,P,25.07725000,55.30927000,ASIA,United Arab Emirates,ARP
Ost…,Ost…,LOC,0.00000000,0.00000000,de,1.00000000,,0,,,,,,
Mittelmeerinsel,Mittelmeerinsel,LOC,0.70000000,0.00000000,de,1.00000000,,0,,,,,,
Sturmfront,Sturmfront,LOC,0.70000000,0.00000000,de,1.00000000,,0,,,,,,
Saharastau…,Saharastau…,LOC,0.70000000,0.00000000,de,1.00000000,,0,,,,,,
Türkisfarbenes Meer,Türkisfarbenes Meer,LOC,0.00000000,0.00000000,de,1.00000000,,0,,,,,,
Kykladen,Kykladen,LOC,1.00000000,0.00000000,de,1.00000000,4073924-7,259820,T,37.16265000,25.01747000,EUROPE-AFRICA,Greece,MED
Klimakollaps,Klimakollaps,LOC,0.00000000,0.00000000,de,1.00000000,,0,,,,,,
Zettajoule,Zettajoule,LOC,0.00000000,0.00000000,de,1.00000000,,0,,,,,,
Bauaktivität von Bibern,Bauaktivität von Bibern,LOC,-0.50000000,0.00000000,de,1.00000000,,0,,,,,,
Deutschland im Jahr,Deutschland im Jahr,LOC,0.00000000,0.00000000,de,1.00000000,,0,,,,,,
Slowenien,Slowenien,LOC,0.00000000,1.00000000,de,1.00000000,4055302-4,3190538,A,46.08333000,15.00000000,EUROPE,Slovenia,WCE
Kaffeepflanzen,Kaffeepflanzen,LOC,-1.00000000,0.00000000,de,1.00000000,,0,,,,,,
Premià de Mar,Premià de Mar,LOC,0.50000000,0.00000000,de,1.00000000,,3112866,P,41.49206000,2.36524000,EUROPE-AFRICA,Spain,MED
Katalonien,Katalonien,LOC,-1.00000000,0.00000000,de,1.00000000,4029916-8,3125609,L,42.00000000,2.00000000,EUROPE-AFRICA,Spain,MED
staub-nass,staub-nass,LOC,0.00000000,0.00000000,de,1.00000000,,0,,,,,,
Gesundheitsrisiko,Gesundheitsrisiko,LOC,0.70000000,0.00000000,de,1.00000000,,0,,,,,,
Nördlichen …,Nördlichen …,LOC,0.00000000,0.00000000,de,1.00000000,,0,,,,,,
Plattlifts,Plattlifts,LOC,0.00000000,0.00000000,de,1.00000000,,0,,,,,,
Zugspitzgletscher,Zugspitzgletscher,LOC,0.00000000,0.00000000,de,1.00000000,,0,,,,,,
Republik,Republik,LOC,0.00000000,0.00000000,de,1.00000000,4017875-4,1668284,A,24.00000000,121.00000000,ASIA,Taiwan,EAS
Wüstenkörnern,Wüstenkörnern,LOC,0.00000000,0.00000000,de,1.00000000,,0,,,,,,
Seenebel,Seenebel,LOC,0.00000000,0.00000000,de,1.00000000,,0,,,,,,
Wahltag,Wahltag,LOC,0.00000000,0.00000000,de,1.00000000,,0,,,,,,
A3,A3,LOC,0.00000000,0.00000000,de,1.00000000,,7628316,A,56.65139000,23.92806000,EUROPE,Latvia,WCE
Wortsinne,Wortsinne,LOC,0.00000000,0.00000000,de,1.00000000,,0,,,,,,
Mittelhessen,Mittelhessen,LOC,0.70000000,0.00000000,de,1.00000000,4039686-1,12076828,L,50.57609000,8.55804000,EUROPE,Germany,WCE
A49,A49,LOC,0.70000000,0.00000000,de,1.00000000,,0,,,,,,
Blitz-Show,Blitz-Show,LOC,0.00000000,0.00000000,de,1.00000000,,0,,,,,,
Kaffeepreisen,Kaffeepreisen,LOC,0.00000000,0.00000000,de,1.00000000,,0,,,,,,
Programms,Programms,LOC,-1.00000000,0.00000000,de,1.00000000,,0,,,,,,
Bodélé-Senke,Bodélé-Senke,LOC,0.00000000,0.00000000,de,1.00000000,,0,,,,,,
Wuhan,Wuhan,LOC,1.00000000,0.00000000,de,1.00000000,4122666-5,1791247,P,30.58333000,114.26667000,ASIA,China,EAS
Seoul,Seoul,LOC,1.00000000,0.00000000,de,1.00000000,110416-0,1835848,P,37.56600000,126.97840000,ASIA,South Korea,EAS
Klimaschäden,Klimaschäden,LOC,0.00000000,0.00000000,de,1.00000000,,0,,,,,,
Hera…,Hera…,LOC,0.00000000,0.00000000,de,1.00000000,,0,,,,,,
Vereinigten St,Vereinigten St,LOC,0.00000000,0.00000000,de,1.00000000,,0,,,,,,
Martinez Lake,Martinez Lake,LOC,0.00000000,0.00000000,de,1.00000000,,6032131,H,45.71979000,-74.40843000,NORTH-AMERICA,Canada,ENA
Las Vegas,Las Vegas,LOC,0.35000000,0.50000000,de,1.00000000,4034659-6,5506956,P,36.17497000,-115.13722000,NORTH-AMERICA,United States,WNA
San Diego,San Diego,LOC,0.35000000,0.50000000,de,1.00000000,4269521-1,5391811,P,32.71571000,-117.16472000,CENTRAL-AMERICA,United States,NCA
Fahrafeld,Fahrafeld,LOC,0.00000000,0.00000000,de,1.00000000,,2779849,P,47.97188000,16.07351000,EUROPE,Austria,WCE
Grüne Wand,Grüne Wand,LOC,0.00000000,0.00000000,de,1.00000000,,6940251,T,47.04352000,11.95716000,EUROPE,Austria,WCE
Staatspreis,Staatspreis,LOC,0.00000000,0.00000000,de,1.00000000,,0,,,,,,
klimafest,klimafest,LOC,0.00000000,0.00000000,de,1.00000000,,0,,,,,,
Lebensbereiche,Lebensbereiche,LOC,0.00000000,0.00000000,de,1.00000000,,0,,,,,,
Augen-zu-Koalition,Augen-zu-Koalition,LOC,0.00000000,0.00000000,de,1.00000000,,0,,,,,,
Tschad,Tschad,LOC,0.00000000,0.00000000,de,1.00000000,4061074-3,2434508,A,15.00000000,19.00000000,AFRICA,Chad,SAH
Klimaalianzen,Klimaalianzen,LOC,0.00000000,0.00000000,de,1.00000000,,0,,,,,,
Städten,Städten,LOC,-0.70000000,0.00000000,de,1.00000000,,2829788,P,51.03333000,12.85000000,EUROPE,Germany,WCE
Philippinen,Philippinen,LOC,1.00000000,0.00000000,de,1.00000000,4045771-0,1694008,A,13.40882000,122.56155000,ASIA,Philippines,SEA
Wal,Wal,LOC,0.00000000,0.00000000,de,1.00000000,4074361-5,2792413,P,50.63373000,5.56749000,EUROPE,Belgium,WCE
Schlepperverband,Schlepperverband,LOC,0.70000000,0.00000000,de,1.00000000,,0,,,,,,
Fehmarn,Fehmarn,LOC,0.70000000,0.00000000,de,1.00000000,4016625-9,2927579,T,54.47278000,11.14471000,EUROPE,Germany,NEU
Regenwäldern,Regenwäldern,LOC,0.00000000,0.00000000,de,1.00000000,,0,,,,,,
Lastkahn,Lastkahn,LOC,0.00000000,0.00000000,de,1.00000000,,0,,,,,,
Schlepperboot,Schlepperboot,LOC,0.00000000,0.00000000,de,1.00000000,,0,,,,,,
Ostseeküste,Ostseeküste,LOC,0.00000000,0.00000000,de,1.00000000,4075760-2,12076808,L,54.21464000,12.22235000,EUROPE,Germany,NEU
Wals,Wals,LOC,0.00000000,0.00000000,de,1.00000000,4210894-9,4034749,A,-13.30000000,-176.20000000,PACIFIC,Wallis and Futuna,SPO
Wal-Rettung,Wal-Rettung,LOC,0.00000000,0.00000000,de,1.00000000,,0,,,,,,
Kombipack,Kombipack,LOC,0.00000000,0.00000000,de,1.00000000,,0,,,,,,
ORF.at,ORF.at,LOC,0.35000000,0.50000000,de,1.00000000,,12237901,L,47.05323000,15.46480000,EUROPE,Austria,WCE
steiermark,steiermark,LOC,0.35000000,0.50000000,de,1.00000000,4057092-7,2764581,A,47.25000000,15.16667000,EUROPE,Austria,WCE
Eisbach-Rein,Eisbach-Rein,LOC,0.35000000,0.50000000,de,1.00000000,7685172-2,2931629,P,50.71578000,7.29139000,EUROPE,Germany,WCE
Kärntner Lesachtal,Kärntner Lesachtal,LOC,0.35000000,0.50000000,de,1.00000000,,0,,,,,,
Wetter,Wetter,LOC,0.00000000,0.00000000,de,1.00000000,4108088-9,2809985,P,50.90254000,8.72366000,EUROPE,Germany,WCE
Pfälzerwalds s…,Pfälzerwalds s…,LOC,0.00000000,0.00000000,de,1.00000000,,0,,,,,,
Rheinland-Pfal…,Rheinland-Pfal…,LOC,0.00000000,0.00000000,de,1.00000000,,0,,,,,,
Frankenburg am Hausruck,Frankenburg am Hausruck,LOC,0.00000000,0.00000000,de,1.00000000,4375189-1,7873256,A,48.07012000,13.48030000,EUROPE,Austria,WCE
Mittwochmittag …,Mittwochmittag …,LOC,0.00000000,0.00000000,de,1.00000000,,0,,,,,,
Offenbach/Friedrichsdorf,Offenbach/Friedrichsdorf,LOC,0.70000000,0.00000000,de,1.00000000,,0,,,,,,
Sommertemperaturen,Sommertemperaturen,LOC,0.00000000,0.00000000,de,1.00000000,,0,,,,,,
Sinus-Jugendstudie,Sinus-Jugendstudie,LOC,0.00000000,0.00000000,de,1.00000000,,0,,,,,,
Handlungsbedarf,Handlungsbedarf,LOC,0.00000000,0.00000000,de,1.00000000,,0,,,,,,
Jalousien,Jalousien,LOC,0.00000000,0.00000000,de,1.00000000,,0,,,,,,
Santa Cruz,Santa Cruz,LOC,-1.00000000,0.00000000,de,1.00000000,,3904906,P,-17.78629000,-63.18117000,SOUTH-AMERICA,Bolivia,SAM
Schwabing,Schwabing,LOC,0.00000000,1.00000000,de,1.00000000,10078110-X,2835485,P,48.15830000,11.58616000,EUROPE,Germany,WCE
Ostsachsen,Ostsachsen,LOC,0.00000000,0.00000000,de,1.00000000,,0,,,,,,
W…,W…,LOC,0.00000000,0.00000000,de,1.00000000,,0,,,,,,
Schwarzach,Schwarzach,LOC,0.00000000,0.00000000,de,1.00000000,,2835172,H,49.39308000,12.15327000,EUROPE,Germany,WCE
Einsätzen,Einsätzen,LOC,0.00000000,0.00000000,de,1.00000000,,0,,,,,,
Maiwochenende,Maiwochenende,LOC,0.00000000,0.00000000,de,1.00000000,,0,,,,,,
Bundeswirtschaftsministerin,Bundeswirtschaftsministerin,LOC,0.70000000,0.00000000,de,1.00000000,,0,,,,,,
Gut,Gut,LOC,1.00000000,0.00000000,de,1.00000000,,11880003,L,18.08246000,-63.02789000,CENTRAL-AMERICA,Saint Martin,CAR
Bautzen,Bautzen,LOC,0.00000000,0.00000000,de,1.00000000,10034264-4,2951881,P,51.18035000,14.43494000,EUROPE,Germany,WCE
Kreise,Kreise,LOC,0.00000000,0.00000000,de,1.00000000,,2884446,T,50.55000000,10.86667000,EUROPE,Germany,WCE
Hautkrebs-Expertin,Hautkrebs-Expertin,LOC,0.00000000,0.00000000,de,1.00000000,,0,,,,,,
Südhessen,Südhessen,LOC,0.00000000,0.00000000,de,1.00000000,4058431-8,12076807,L,49.86990000,8.64058000,EUROPE,Germany,WCE
Bezirk Bruck an der Leitha,Bezirk Bruck an der Leitha,LOC,0.00000000,0.00000000,de,1.00000000,4008394-9,2781372,A,48.06781000,16.77284000,EUROPE,Austria,WCE
Petronell,Petronell,LOC,0.00000000,0.00000000,de,1.00000000,4262241-4,2769013,P,48.11296000,16.86582000,EUROPE,Austria,WCE
Öl-Abhängigkeit,Öl-Abhängigkeit,LOC,0.00000000,0.00000000,de,1.00000000,,0,,,,,,
Brand,Brand,LOC,-1.00000000,0.00000000,de,1.00000000,4278589-3,2945341,P,50.86643000,13.32285000,EUROPE,Germany,WCE
Schulglocke,Schulglocke,LOC,0.00000000,0.00000000,de,1.00000000,,0,,,,,,
Kindern,Kindern,LOC,0.70000000,0.00000000,de,1.00000000,,3378953,P,6.62169000,-57.84657000,SOUTH-AMERICA,Guyana,NSA
Baumschutz,Baumschutz,LOC,0.00000000,0.00000000,de,1.00000000,,0,,,,,,
Nosferatu-Spinne,Nosferatu-Spinne,LOC,0.00000000,1.00000000,de,1.00000000,,0,,,,,,
z…,z…,LOC,0.00000000,0.00000000,de,1.00000000,,0,,,,,,
Landes Tirol,Landes Tirol,LOC,-1.00000000,0.00000000,de,1.00000000,,0,,,,,,
Brenner,Brenner,LOC,0.00000000,0.00000000,de,1.00000000,,2781423,T,47.00528000,11.50836000,EUROPE,Austria,WCE
Würzburger,Würzburger,LOC,0.00000000,0.00000000,de,1.00000000,,11748959,T,49.80533000,9.90766000,EUROPE,Germany,WCE
Gerichtsangaben,Gerichtsangaben,LOC,0.00000000,0.00000000,de,1.00000000,,0,,,,,,
Amtsgericht Würzburg,Amtsgericht Würzburg,LOC,-1.00000000,0.00000000,de,1.00000000,,12324135,S,49.78906000,9.93606000,EUROPE,Germany,WCE
Waschstraße,Waschstraße,LOC,-1.00000000,0.00000000,de,1.00000000,,0,,,,,,
Friedrichshain,Friedrichshain,LOC,0.00000000,0.00000000,de,1.00000000,,2924573,P,52.51559000,13.45482000,EUROPE,Germany,WCE
Flügen,Flügen,LOC,0.00000000,0.00000000,de,1.00000000,,0,,,,,,
Inkl,Inkl,LOC,0.00000000,0.00000000,de,1.00000000,,4991441,P,47.45824000,-88.16233000,NORTH-AMERICA,United States,ENA
Ausweg,Ausweg,LOC,0.00000000,0.00000000,de,1.00000000,,0,,,,,,
Baumsterben,Baumsterben,LOC,0.00000000,0.00000000,de,1.00000000,,0,,,,,,
Krems,Krems,LOC,-1.00000000,0.00000000,de,1.00000000,4033043-6,2773549,P,48.40921000,15.61415000,EUROPE,Austria,WCE
Österreich-Mittel,Österreich-Mittel,LOC,0.00000000,0.00000000,de,1.00000000,,7873738,A,47.32968000,10.15467000,EUROPE,Austria,WCE
Marchfeld,Marchfeld,LOC,0.00000000,0.00000000,de,1.00000000,4037464-6,3322767,L,48.23333000,16.55083000,EUROPE,Austria,WCE
Donau,Donau,LOC,0.00000000,0.00000000,de,1.00000000,4041719-0,2866070,P,48.73218000,11.18709000,EUROPE,Germany,WCE
Carnuntum,Carnuntum,LOC,0.00000000,0.00000000,de,1.00000000,4262241-4,2769013,P,48.11296000,16.86582000,EUROPE,Austria,WCE
Weinviertel,Weinviertel,LOC,0.00000000,0.00000000,de,1.00000000,4066889-7,2760887,P,48.38333000,16.51667000,EUROPE,Austria,WCE
Futtermitteln,Futtermitteln,LOC,-1.00000000,0.00000000,de,1.00000000,,0,,,,,,
Dürre-Alarm,Dürre-Alarm,LOC,0.00000000,0.00000000,de,1.00000000,,0,,,,,,
Waldstücken,Waldstücken,LOC,0.00000000,1.00000000,de,1.00000000,,0,,,,,,
Bränden,Bränden,LOC,0.00000000,1.00000000,de,1.00000000,,11587159,P,47.11774000,9.04789000,EUROPE,Switzerland,WCE
Ötztal,Ötztal,LOC,0.00000000,1.00000000,de,1.00000000,4043343-2,2769319,T,46.75000000,10.91667000,EUROPE,Italy,WCE
Obernberg am Brenner,Obernberg am Brenner,LOC,0.00000000,1.00000000,de,1.00000000,4516374-1,2769901,A,47.01667000,11.41667000,EUROPE,Austria,WCE
Waldes,Waldes,LOC,0.00000000,0.00000000,de,1.00000000,,7583036,P,-23.55604000,-47.19372000,SOUTH-AMERICA,Brazil,SES
Bezirken,Bezirken,LOC,0.00000000,0.00000000,de,1.00000000,,0,,,,,,
Trab,Trab,LOC,0.00000000,0.00000000,de,1.00000000,,2596174,L,31.14459000,-6.56317000,EUROPE-AFRICA,Morocco,MED
Landes…,Landes…,LOC,0.00000000,0.00000000,de,1.00000000,,0,,,,,,
Präfektur Iw…,Präfektur Iw…,LOC,0.00000000,0.00000000,de,1.00000000,,0,,,,,,
Wembley-Stadion,Wembley-Stadion,LOC,-0.70000000,0.00000000,de,1.00000000,,6543955,S,51.55581000,-0.27955000,EUROPE,United Kingdom,NEU
