topic,sentiment_mean,sentiment_std,subjectivity_mean,subjectivity_std,counting
Adaptation,0.06422028787914598,0.8709208963845444,-0.20359930710552696,0.6826058189222466,10.0
Causes,-0.2051969136568725,0.8950372105626913,-0.06753020010655732,0.8866549118425345,31.0
Hazard,-0.07255231910076979,0.838399028678176,0.23406920053067182,0.9538472973241614,36.0
Impacts,0.12226759847803897,0.8472400894003035,-0.08628748763486624,0.8422311767419963,39.0
Mitigation,0.12292925313438229,1.036054116734336,0.033673203129421805,0.9963860483971259,47.0
