topic,sentiment_mean,sentiment_std,subjectivity_mean,subjectivity_std,counting
Adaptation,0.2017310596525921,1.0030862411021717,0.06188851283761089,1.0024321078656004,85.0
Causes,-0.027397480549244794,0.9283515457742798,0.04681840020511032,1.0200192706520097,335.0
Hazard,0.008844949041654811,0.8867239351296071,-0.04171629346742447,0.8952120194179541,257.0
Impacts,-0.033832843335195435,1.040713020944524,0.039688660974219914,1.0375697023954873,289.0
Mitigation,0.023040990908814906,1.056136803831963,-0.11199642173225671,0.8804635255069481,215.0
