topic,sentiment_mean,sentiment_std,subjectivity_mean,subjectivity_std,counting
Causes,1.3632019937486919,0.9278587478134434,-0.7202860027803044,0.0186382339194114,2.0
Hazard,-0.23314300509410354,0.6617797032791944,0.17917794077702268,0.6536206632230245,11.0
Impacts,0.12757205866969495,0.23633388273484482,0.261077558868439,0.8723095271366943,5.0
