topic,sentiment_mean,sentiment_std,subjectivity_mean,subjectivity_std,counting
Adaptation,-0.0856567772095769,0.8325771230031087,-0.27990101079916374,0.6540861996374902,13.0
Causes,-0.1413278514866979,0.9830129375037149,0.021743509450948956,0.9752360962764306,45.0
Hazard,-0.04630174027613523,0.8148306891783318,0.24226947144441707,0.9469251882507704,37.0
Impacts,0.1273964484348522,0.8294979776037618,-0.04627083642460353,0.8497119424024484,39.0
Mitigation,0.08663865249518106,1.0206581364800362,-0.04386782117870787,0.9582318386584776,59.0
