week,sentiment_mean,sentiment_std,subjectivity_mean,subjectivity_std,counting
2025-38,0.20187716855476293,1.0203966451583937,-0.5396039561438002,0.6391972031203924,3.0
2025-39,0.01943703768277187,0.7220818419566722,0.5900248356280859,1.0089127208191349,13.0
2025-40,0.3412494915764614,1.059011475716442,-0.07595817609714678,1.0628735985063762,13.0
2025-41,-0.22222255401562188,1.0262120234203143,0.16406272571693242,0.8133536989311911,24.0
2025-42,-0.04244305776296663,0.939235405890978,-0.022846343950550824,0.7644570254640045,20.0
2025-43,0.27860996530491106,0.6420371253055398,-0.14574125879564906,0.7396849213497158,15.0
2025-44,-0.09165583583971632,0.7715860715715188,-0.2847365000594722,0.751160727535208,31.0
2025-45,0.012715518324333541,0.861825671867743,0.18425898671948507,0.9935657328874712,16.0
