week,sentiment_mean,sentiment_std,subjectivity_mean,subjectivity_std,counting
2025-38,0.08333333333333333,0.11785113019775792,0.08333333333333333,0.11785113019775792,2.0
2025-39,0.28582045419413954,0.8001155271600363,0.3969641224213558,0.6621501308448592,4.0
2025-40,-0.4841409083882788,0.6610690305098398,-0.7314282448427115,0.0,2.0
2025-41,0.23750000000000002,0.14197270864500686,0.08333333333333333,0.14433756729740646,3.0
2025-42,0.06444444444444444,0.24315823228080502,0.06666666666666667,0.11547005383792516,3.0
