topic,sentiment_mean,sentiment_std,subjectivity_mean,subjectivity_std,counting
Adaptation,0.007920301592868058,0.9409073829174874,-0.16369240034548416,0.620402065938323,33.0
Causes,0.03722673010876515,0.7989233877532541,0.03862689713016887,0.9384827153585761,114.0
Hazard,0.08292552459180996,0.8931455208539985,0.14412235118631236,0.954922612461531,59.0
Impacts,-0.058670211489696485,1.0320541199050024,0.008117441284479329,1.043692129737605,100.0
Mitigation,0.00038405345162414924,1.064499387534769,-0.06977394180352871,0.9564939374859259,104.0
