topic,sentiment_mean,sentiment_std,subjectivity_mean,subjectivity_std,counting
Adaptation,0.06107550880123017,1.0023075928932135,-0.04981404225315211,0.7589492764664454,47.0
Causes,-0.03085429926097837,0.8347034119509681,0.09647893618520376,1.0435078215518585,156.0
Hazard,0.09073848680489019,0.9464850863758936,-0.059595824788617725,0.8601104910352524,145.0
Impacts,-0.08877375414244593,1.0466599823430733,0.05525508461213577,1.0547454129848792,124.0
Mitigation,0.04282158164307633,1.028784304541439,-0.09013394487245555,0.9399195383644734,124.0
