topic,sentiment_mean,sentiment_std,subjectivity_mean,subjectivity_std,counting
Adaptation,-0.09461584434756674,0.9549196492087851,-0.3135036228638255,0.5590001609235844,27.0
Causes,0.03896419465753805,0.8118625858731184,0.05269509837651665,0.9459982413024681,83.0
Hazard,0.051240227884568994,0.8050968910941039,0.10216011332402342,0.9414056386081951,53.0
Impacts,-0.05490908365978591,1.044486064286724,0.04230414183584411,1.0066280480166916,82.0
Mitigation,0.03931139393010409,1.0435271152863512,-0.03131784122808784,0.9812666517859853,89.0
