keyword,sentiment_mean,sentiment_std,subjectivity_mean,subjectivity_std,counting
'Heiße Tage',0.5,1.0,0.0,1.0,1.0
'Hitzetote',0.059347687307661066,0.2716717706282748,0.31397076891705744,1.054330421324683,4.0
'Hitzewelle',-0.35345480400775287,0.7462464985628204,0.16612015998398266,0.7679751259671294,8.0
'Hochdruck',0.02768231823562315,0.2955395296445565,-0.04495584961210209,0.3370176186152341,11.0
'Hochdruckgebiet',1.1770810481068692,0.6479921109462469,-0.6852567081089497,0.018922718359746148,3.0
'Sommertage',0.0,1.0,0.2,1.0,1.0
'Temperaturen Gesundheitsrisiken',0.175,1.0,0.25,1.0,1.0
'extreme Temperaturen',-0.7071067811865475,1.0,0.7071067811865476,1.0,1.0
