week,sentiment_mean,sentiment_std,subjectivity_mean,subjectivity_std,counting
2025-38,0.43688672392660705,0.382148869802242,-0.41584896523547615,0.5044733353288006,3.0
2025-39,-0.13293976485553785,0.36207442534377055,0.4567274273497866,0.5522697621349908,13.0
2025-40,0.15016166877462286,1.33475752592437,-0.6429555537600139,0.1879977423001379,5.0
2025-41,0.20413217996836466,0.13375778726733786,-0.12086630609351531,0.4250633598148738,4.0
2025-42,0.17333333333333334,0.2946938147373379,0.05,0.1,4.0
