week,sentiment_mean,sentiment_std,subjectivity_mean,subjectivity_std,counting
2025-39,0.294035593728849,0.4437083551509759,0.2773689270621825,0.3773754330246744,3.0
2025-40,-0.7071067811865476,1.0,-0.7071067811865476,1.0,1.0
2025-41,0.23750000000000002,0.14197270864500686,0.08333333333333333,0.14433756729740646,3.0
2025-42,0.06444444444444444,0.24315823228080502,0.06666666666666667,0.11547005383792516,3.0
